,Order Id,Column,Timestamp,Size,Price,Fees,Side
0,0,ZFCVINDIA.NS,2017-02-02,1.0,5699.9502,0.0,Buy
1,1,BAJAJHLDNG.NS,2017-02-02,3.0,2075.95,0.0,Buy
2,2,RAMCOCEM.NS,2017-02-02,10.0,718.90002,0.0,Buy
3,3,NATCOPHARM.NS,2017-02-02,11.0,672.0,0.0,Buy
4,4,KIRLOSBROS.NS,2017-02-02,33.0,226.35001,0.0,Buy
5,5,POLYMED.NS,2017-02-02,33.0,230.0,0.0,Buy
6,6,CANFINHOME.NS,2017-02-02,20.0,380.0,0.0,Buy
7,7,VGUARD.NS,2017-02-02,52.0,146.39271095,0.0,Buy
8,8,POWERGRID.NS,2017-02-02,66.0,115.81874438,0.0,Buy
9,9,MAHABANK.NS,2017-02-02,233.0,32.900002,0.0,Buy
10,10,FINPIPE.NS,2017-02-02,78.0,98.5,0.0,Buy
11,11,IDEA.NS,2017-02-02,119.0,64.5978,0.0,Buy
12,12,JPPOWER.NS,2017-02-02,1303.0,5.9,0.0,Buy
13,13,JPPOWER.NS,2017-02-03,1303.0,5.8,0.0,Sell
14,14,GUJGASLTD.NS,2017-02-03,1.0,117.040002,0.0,Buy
15,15,POLYMED.NS,2017-02-06,33.0,256.0,0.0,Sell
16,16,TRIVENI.NS,2017-02-06,20.0,79.400002,0.0,Buy
17,17,DBREALTY.NS,2017-02-08,4.0,37.50159391,0.0,Buy
18,18,MAHABANK.NS,2017-02-23,233.0,34.75,0.0,Sell
19,19,RECLTD.NS,2017-02-23,17.0,118.65,0.0,Buy
20,20,FINPIPE.NS,2017-02-27,78.0,106.990002,0.0,Sell
21,21,JUSTDIAL.NS,2017-02-27,4.0,534.59998,0.0,Buy
22,22,NATCOPHARM.NS,2017-02-28,11.0,825.0,0.0,Sell
23,23,WIPRO.NS,2017-02-28,33.0,91.87499977,0.0,Buy
24,24,GUJGASLTD.NS,2017-03-03,1.0,132.0,0.0,Sell
25,25,PHOENIXLTD.NS,2017-03-03,1.0,190.0,0.0,Buy
26,26,OLECTRA.NS,2017-03-06,6.0,57.599998,0.0,Buy
27,27,VGUARD.NS,2017-03-08,52.0,179.28553525,0.0,Sell
28,28,BAJAJ-AUTO.NS,2017-03-08,1.0,2880.3999,0.0,Buy
29,29,CANFINHOME.NS,2017-03-17,20.0,420.0,0.0,Sell
30,30,OLECTRA.NS,2017-03-17,6.0,68.25,0.0,Sell
31,31,BHEL.NS,2017-03-17,13.0,113.26654687,0.0,Buy
32,32,IDEA.NS,2017-03-24,119.0,55.68879819,0.0,Sell
33,33,MCX.NS,2017-03-24,18.0,244.6,0.0,Buy
34,34,ZFCVINDIA.NS,2017-03-29,1.0,6098.0,0.0,Sell
35,35,INDIGO.NS,2017-03-29,4.0,1039.95,0.0,Buy
36,36,RECLTD.NS,2017-03-31,17.0,135.4500075,0.0,Sell
37,37,MARICO.NS,2017-03-31,14.0,296.0,0.0,Buy
38,38,WIPRO.NS,2017-04-03,33.0,96.83437663,0.0,Sell
39,39,HDFCBANK.NS,2017-04-03,11.0,361.5,0.0,Buy
40,40,TRIVENI.NS,2017-04-05,20.0,93.5,0.0,Sell
41,41,TRENT.NS,2017-04-05,15.0,271.95001,0.0,Buy
42,42,BAJAJHLDNG.NS,2017-04-07,3.0,2130.05,0.0,Sell
43,43,PRESTIGE.NS,2017-04-07,18.0,229.0,0.0,Buy
44,44,KIRLOSBROS.NS,2017-04-10,33.0,280.04999,0.0,Sell
45,45,MASTEK.NS,2017-04-10,24.0,195.10001,0.0,Buy
46,46,MASTEK.NS,2017-04-18,24.0,215.89999,0.0,Sell
47,47,ALKYLAMINE.NS,2017-04-18,23.0,205.280004,0.0,Buy
48,48,DBREALTY.NS,2017-04-19,4.0,40.96994942,0.0,Sell
49,49,GODREJPROP.NS,2017-04-19,1.0,441.0,0.0,Buy
50,50,HDFCBANK.NS,2017-04-26,11.0,385.7375,0.0,Sell
51,51,JMFINANCIL.NS,2017-04-26,40.0,115.0,0.0,Buy
52,52,PRESTIGE.NS,2017-04-27,18.0,256.39999,0.0,Sell
53,53,ICICIPRULI.NS,2017-04-27,6.0,402.0,0.0,Buy
54,54,APLAPOLLO.NS,2017-04-27,19.0,139.5,0.0,Buy
55,55,ITI.NS,2017-05-03,4.0,111.75,0.0,Buy
56,56,GODREJPROP.NS,2017-05-05,1.0,533.0,0.0,Sell
57,57,GODFRYPHLP.NS,2017-05-15,3.0,418.999581,0.0,Buy
58,58,WIPRO.NS,2017-05-18,5.0,95.05312663,0.0,Buy
59,59,MCX.NS,2017-05-22,18.0,199.340002,0.0,Sell
60,60,HINDCOPPER.NS,2017-05-22,65.0,68.449997,0.0,Buy
61,61,ITI.NS,2017-05-25,4.0,71.199997,0.0,Sell
62,62,HINDCOPPER.NS,2017-05-26,65.0,63.0,0.0,Sell
63,63,ALKYLAMINE.NS,2017-05-26,23.0,157.980004,0.0,Sell
64,64,HINDUNILVR.NS,2017-05-26,5.0,1025.90423763,0.0,Buy
65,65,TATAMOTORS.NS,2017-05-26,18.0,286.2246921,0.0,Buy
66,66,BHEL.NS,2017-06-01,13.0,92.13324131,0.0,Sell
67,67,PERSISTENT.NS,2017-06-01,1.0,303.5,0.0,Buy
68,68,JUSTDIAL.NS,2017-06-02,4.0,440.89999,0.0,Sell
69,69,ESCORTS.NS,2017-06-02,5.0,695.0,0.0,Buy
70,70,WIPRO.NS,2017-06-08,5.0,103.10625349,0.0,Sell
71,71,HCLTECH.NS,2017-06-08,1.0,440.0,0.0,Buy
72,72,APLAPOLLO.NS,2017-06-12,19.0,168.97,0.0,Sell
73,73,PHOENIXLTD.NS,2017-06-13,1.0,223.75,0.0,Sell
74,74,HDFCBANK.NS,2017-06-13,1.0,415.4375,0.0,Buy
75,75,PERSISTENT.NS,2017-06-14,1.0,327.5,0.0,Sell
76,76,INDIGO.NS,2017-06-19,4.0,1209.7,0.0,Sell
77,77,ENDURANCE.NS,2017-06-19,4.0,945.45001,0.0,Buy
78,78,JPPOWER.NS,2017-06-29,99.0,5.35,0.0,Buy
79,79,ICICIPRULI.NS,2017-07-03,6.0,469.0,0.0,Sell
80,80,TRENT.NS,2017-07-04,15.0,240.5,0.0,Sell
81,81,TATASTEEL.NS,2017-07-04,90.0,51.93626836,0.0,Buy
82,82,JPPOWER.NS,2017-07-12,99.0,5.25,0.0,Sell
83,83,MARICO.NS,2017-07-17,14.0,327.14999,0.0,Sell
84,84,INOXWIND.NS,2017-07-17,126.0,37.23814416,0.0,Buy
85,85,HINDUNILVR.NS,2017-07-18,5.0,1135.38127925,0.0,Sell
86,86,ECLERX.NS,2017-07-18,6.0,881.53245198,0.0,Buy
87,87,INOXWIND.NS,2017-07-20,126.0,35.8580385,0.0,Sell
88,88,OLECTRA.NS,2017-07-21,65.0,72.300003,0.0,Buy
89,89,HDFCBANK.NS,2017-07-31,1.0,444.3875,0.0,Sell
90,90,YESBANK.NS,2017-08-01,1.0,363.74,0.0,Buy
91,91,TRENT.NS,2017-08-03,1.0,276.0,0.0,Buy
92,92,TATASTEEL.NS,2017-08-09,90.0,58.05251764,0.0,Sell
93,93,BPCL.NS,2017-08-09,19.0,250.75,0.0,Buy
94,94,GODFRYPHLP.NS,2017-08-10,3.0,328.28299838,0.0,Sell
95,95,TATASTEEL.NS,2017-08-10,29.0,56.99701638,0.0,Buy
96,96,TATAMOTORS.NS,2017-08-11,18.0,226.99954009,0.0,Sell
97,97,TITAN.NS,2017-08-11,8.0,604.0,0.0,Buy
98,98,OLECTRA.NS,2017-08-14,65.0,112.75,0.0,Sell
99,99,ECLERX.NS,2017-08-14,6.0,846.66582018,0.0,Sell
100,100,BPCL.NS,2017-08-14,19.0,241.75,0.0,Sell
101,101,ESCORTS.NS,2017-08-14,5.0,604.0,0.0,Sell
102,102,OLECTRA.NS,2017-08-16,231.0,118.35,0.0,Buy
103,103,OLECTRA.NS,2017-08-24,231.0,130.55,0.0,Sell
104,104,BHARTIARTL.NS,2017-08-28,72.0,391.07402018,0.0,Buy
105,105,JMFINANCIL.NS,2017-09-04,40.0,143.2,0.0,Sell
106,106,RBLBANK.NS,2017-09-04,1.0,535.59998,0.0,Buy
107,107,JUSTDIAL.NS,2017-09-04,2.0,398.60001,0.0,Buy
108,108,ITI.NS,2017-09-04,8.0,101.9,0.0,Buy
109,109,SAREGAMA.NS,2017-09-04,19.0,44.9,0.0,Buy
110,110,TATASTEEL.NS,2017-09-14,29.0,64.03682749,0.0,Sell
111,111,SRF.NS,2017-09-14,5.0,313.8,0.0,Buy
112,112,BAJAJ-AUTO.NS,2017-09-20,1.0,3115.0,0.0,Sell
113,113,GRANULES.NS,2017-09-20,37.0,131.89999,0.0,Buy
114,114,ENDURANCE.NS,2017-09-21,4.0,1052.0,0.0,Sell
115,115,TRENT.NS,2017-09-21,1.0,300.60001,0.0,Sell
116,116,KEI.NS,2017-09-21,7.0,341.0,0.0,Buy
117,117,BHARTIARTL.NS,2017-09-22,72.0,358.63470053,0.0,Sell
118,118,KIRLOSBROS.NS,2017-09-22,112.0,255.0,0.0,Buy
119,119,ITI.NS,2017-09-26,8.0,130.75,0.0,Sell
120,120,GRANULES.NS,2017-09-27,37.0,117.1,0.0,Sell
121,121,ALKEM.NS,2017-09-27,2.0,1909.0,0.0,Buy
122,122,CHOLAHLDNG.NS,2017-09-27,7.0,578.0,0.0,Buy
123,123,CHOLAHLDNG.NS,2017-09-28,7.0,559.95001,0.0,Sell
124,124,JWL.NS,2017-09-28,343.0,11.1,0.0,Buy
125,125,KIRLOSBROS.NS,2017-09-29,112.0,237.75,0.0,Sell
126,126,ITI.NS,2017-09-29,203.0,149.45,0.0,Buy
127,127,SAREGAMA.NS,2017-10-12,19.0,54.3,0.0,Sell
128,128,TRIVENI.NS,2017-10-12,2.0,97.099998,0.0,Buy
129,129,SRF.NS,2017-10-13,5.0,350.2,0.0,Sell
130,130,M&M.NS,2017-10-16,2.0,669.45,0.0,Buy
131,131,YESBANK.NS,2017-10-27,1.0,307.0,0.0,Sell
132,132,INDIANB.NS,2017-10-27,1.0,322.0,0.0,Buy
133,133,JUSTDIAL.NS,2017-11-02,2.0,453.64999,0.0,Sell
134,134,CARBORUNIV.NS,2017-11-02,1.0,363.0,0.0,Buy
135,135,TITAN.NS,2017-11-08,8.0,757.54999,0.0,Sell
136,136,INDIANB.NS,2017-11-08,1.0,364.5,0.0,Sell
137,137,TATAMOTORS.NS,2017-11-08,9.0,270.46753713,0.0,Buy
138,138,TRITURBINE.NS,2017-11-08,18.0,140.85001,0.0,Buy
139,139,SAREGAMA.NS,2017-11-15,5.0,84.254999,0.0,Buy
140,140,JWL.NS,2017-11-23,343.0,14.3,0.0,Sell
141,141,TRENT.NS,2017-11-23,11.0,339.89999,0.0,Buy
142,142,ALKEM.NS,2017-12-01,2.0,1992.0,0.0,Sell
143,143,CANFINHOME.NS,2017-12-01,7.0,484.0,0.0,Buy
144,144,TATAMOTORS.NS,2017-12-04,9.0,244.99045505,0.0,Sell
145,145,APLAPOLLO.NS,2017-12-04,12.0,197.905,0.0,Buy
146,146,TRIVENI.NS,2017-12-05,2.0,81.900002,0.0,Sell
147,147,CUB.NS,2017-12-05,2.0,159.7725675,0.0,Buy
148,148,M&M.NS,2017-12-19,2.0,767.5,0.0,Sell
149,149,CASTROLIND.NS,2017-12-19,6.0,212.350005,0.0,Buy
150,150,RAMCOCEM.NS,2017-12-22,10.0,800.0,0.0,Sell
151,151,KIRLOSBROS.NS,2017-12-22,13.0,330.0,0.0,Buy
152,152,SONATSOFTW.NS,2017-12-28,8.0,100.875,0.0,Buy
153,153,CASTROLIND.NS,2018-01-04,6.0,191.5,0.0,Sell
154,154,DBREALTY.NS,2018-01-04,26.0,58.61520632,0.0,Buy
155,155,KIRLOSBROS.NS,2018-01-08,13.0,373.29999,0.0,Sell
156,156,APLAPOLLO.NS,2018-01-08,12.0,229.0,0.0,Sell
157,157,CARBORUNIV.NS,2018-01-08,1.0,424.0,0.0,Sell
158,158,JSWSTEEL.NS,2018-01-08,8.0,286.10001,0.0,Buy
159,159,PRESTIGE.NS,2018-01-08,7.0,346.54999,0.0,Buy
160,160,RECLTD.NS,2018-01-08,20.0,121.4249925,0.0,Buy
161,161,JSL.NS,2018-01-08,20.0,122.5,0.0,Buy
162,162,HCLTECH.NS,2018-01-24,1.0,497.0,0.0,Sell
163,163,HDFCBANK.NS,2018-01-24,1.0,488.1375,0.0,Buy
164,164,ACE.NS,2018-01-30,2.0,176.64999,0.0,Buy
165,165,JSL.NS,2018-02-06,20.0,97.300003,0.0,Sell
166,166,ITI.NS,2018-02-07,203.0,101.0,0.0,Sell
167,167,TRENT.NS,2018-02-07,11.0,313.35001,0.0,Sell
168,168,CANFINHOME.NS,2018-02-07,7.0,474.89999,0.0,Sell
169,169,TRITURBINE.NS,2018-02-08,18.0,127.0,0.0,Sell
170,170,RECLTD.NS,2018-02-08,20.0,112.5,0.0,Sell
171,171,DBREALTY.NS,2018-02-08,26.0,43.00760655,0.0,Sell
172,172,HDFCBANK.NS,2018-02-08,1.0,471.0,0.0,Sell
173,173,CUB.NS,2018-02-08,2.0,145.272582,0.0,Sell
174,174,ESCORTS.NS,2018-02-09,35.0,875.0,0.0,Buy
175,175,JUBLPHARMA.NS,2018-02-09,33.0,951.04999,0.0,Buy
176,176,SONATSOFTW.NS,2018-02-16,8.0,127.837496,0.0,Sell
177,177,JSWSTEEL.NS,2018-03-01,8.0,315.0,0.0,Sell
178,178,RBLBANK.NS,2018-03-12,1.0,461.0,0.0,Sell
179,179,ASHOKLEY.NS,2018-03-12,4.0,74.0,0.0,Buy
180,180,TRENT.NS,2018-03-12,1.0,332.95001,0.0,Buy
181,181,PRESTIGE.NS,2018-03-27,7.0,294.89999,0.0,Sell
182,182,TRENT.NS,2018-04-10,1.0,369.0,0.0,Sell
183,183,GMRAIRPORT.NS,2018-04-10,5.0,18.84891637,0.0,Buy
184,184,SONATSOFTW.NS,2018-04-11,4.0,125.625,0.0,Buy
185,185,KEI.NS,2018-04-13,7.0,443.0,0.0,Sell
186,186,RBLBANK.NS,2018-04-13,2.0,505.0,0.0,Buy
187,187,ASHOKLEY.NS,2018-04-27,4.0,81.949995,0.0,Sell
188,188,BRIGADE.NS,2018-04-27,2.0,181.03314586,0.0,Buy
189,189,WELSPUNLIV.NS,2018-05-15,3.0,66.0,0.0,Buy
190,190,BRIGADE.NS,2018-05-23,2.0,166.63316691,0.0,Sell
191,191,TRIVENI.NS,2018-05-24,11.0,41.799999,0.0,Buy
192,192,GMRAIRPORT.NS,2018-06-05,5.0,14.78080492,0.0,Sell
193,193,ACE.NS,2018-06-07,2.0,141.10001,0.0,Sell
194,194,ALOKINDS.NS,2018-06-07,39.0,17.700001,0.0,Buy
195,195,ALOKINDS.NS,2018-06-13,39.0,17.700001,0.0,Sell
196,196,LAURUSLABS.NS,2018-06-13,2.0,99.229998,0.0,Buy
197,197,RBLBANK.NS,2018-06-15,2.0,558.70001,0.0,Sell
198,198,IDFCFIRSTB.NS,2018-06-15,31.0,44.25,0.0,Buy
199,199,KPRMILL.NS,2018-06-22,4.0,132.0,0.0,Buy
200,200,POWERGRID.NS,2018-07-02,66.0,105.1875,0.0,Sell
201,201,GODREJCP.NS,2018-07-02,3.0,817.66584949,0.0,Buy
202,202,WELSPUNLIV.NS,2018-07-06,3.0,51.200001,0.0,Sell
203,203,GODREJCP.NS,2018-07-13,3.0,878.03245583,0.0,Sell
204,204,BAJAJ-AUTO.NS,2018-07-13,1.0,3123.0,0.0,Buy
205,205,BAJAJ-AUTO.NS,2018-07-25,1.0,2670.0,0.0,Sell
206,206,CROMPTON.NS,2018-07-25,13.0,242.0,0.0,Buy
207,207,EIDPARRY.NS,2018-08-03,1.0,234.25,0.0,Buy
208,208,CROMPTON.NS,2018-08-17,13.0,261.25,0.0,Sell
209,209,ITC.NS,2018-08-17,5.0,290.5437613,0.0,Buy
210,210,GRANULES.NS,2018-08-27,1.0,114.0,0.0,Buy
211,211,SAREGAMA.NS,2018-09-07,5.0,58.5,0.0,Sell
212,212,TRIVENI.NS,2018-09-19,11.0,50.200001,0.0,Sell
213,213,SONATSOFTW.NS,2018-09-24,4.0,145.706246,0.0,Sell
214,214,JSWSTEEL.NS,2018-09-24,2.0,414.0,0.0,Buy
215,215,ESCORTS.NS,2018-09-25,35.0,653.70001,0.0,Sell
216,216,LAURUSLABS.NS,2018-09-25,2.0,85.979998,0.0,Sell
217,217,OIL.NS,2018-09-25,150.0,147.1331862,0.0,Buy
218,218,VEDL.NS,2018-09-28,1.0,241.25,0.0,Buy
219,219,GRANULES.NS,2018-10-03,1.0,98.199997,0.0,Sell
220,220,JUBLPHARMA.NS,2018-10-04,33.0,688.79999,0.0,Sell
221,221,IDFCFIRSTB.NS,2018-10-04,31.0,36.900002,0.0,Sell
222,222,EIDPARRY.NS,2018-10-04,1.0,194.0,0.0,Sell
223,223,TCS.NS,2018-10-04,11.0,2156.6001,0.0,Buy
224,224,OIL.NS,2018-10-09,150.0,129.73321027,0.0,Sell
225,225,ITC.NS,2018-10-09,5.0,260.05460961,0.0,Sell
226,226,VEDL.NS,2018-10-10,1.0,213.3,0.0,Sell
227,227,NLCINDIA.NS,2018-10-12,347.0,83.599998,0.0,Buy
228,228,TCS.NS,2018-10-15,11.0,1940.0,0.0,Sell
229,229,HEG.NS,2018-10-15,24.0,856.0,0.0,Buy
230,230,MRPL.NS,2018-10-16,1.0,82.199997,0.0,Buy
231,231,ADANIPOWER.NS,2018-10-16,16.0,7.0599998,0.0,Buy
232,232,JSWSTEEL.NS,2018-10-25,2.0,349.0,0.0,Sell
233,233,MCX.NS,2018-10-26,2.0,142.080004,0.0,Buy
234,234,EIHOTEL.NS,2018-10-26,2.0,156.33648233,0.0,Buy
235,235,ADANIPOWER.NS,2018-11-05,16.0,9.8,0.0,Sell
236,236,EIHOTEL.NS,2018-12-04,2.0,184.48491678,0.0,Sell
237,237,PRESTIGE.NS,2018-12-04,1.0,209.0,0.0,Buy
238,238,NLCINDIA.NS,2018-12-13,347.0,69.050003,0.0,Sell
239,239,GESHIP.NS,2018-12-13,82.0,328.54999,0.0,Buy
240,240,CGPOWER.NS,2018-12-26,3.0,43.450001,0.0,Buy
241,241,KPRMILL.NS,2019-01-15,4.0,103.209998,0.0,Sell
242,242,CAPLIPOINT.NS,2019-01-15,1.0,409.89999,0.0,Buy
243,243,CAPLIPOINT.NS,2019-01-28,1.0,351.95001,0.0,Sell
244,244,HEG.NS,2019-01-29,24.0,420.0,0.0,Sell
245,245,HCLTECH.NS,2019-01-31,31.0,509.8,0.0,Buy
246,246,CGPOWER.NS,2019-02-07,3.0,32.599998,0.0,Sell
247,247,GESHIP.NS,2019-02-18,82.0,268.0,0.0,Sell
248,248,ZEEL.NS,2019-02-20,16.0,447.0,0.0,Buy
249,249,TRIVENI.NS,2019-02-20,150.0,50.049999,0.0,Buy
250,250,OIL.NS,2019-02-20,63.0,119.4665472,0.0,Buy
251,251,SWANENERGY.NS,2019-02-26,1.0,116.65,0.0,Buy
252,252,KIRLOSBROS.NS,2019-02-26,1.0,150.14999,0.0,Buy
253,253,SWANENERGY.NS,2019-02-27,1.0,133.60001,0.0,Sell
254,254,WIPRO.NS,2019-02-27,1.0,142.59375026,0.0,Buy
255,255,KIRLOSBROS.NS,2019-03-06,1.0,177.0,0.0,Sell
256,256,TATAMOTORS.NS,2019-03-06,1.0,117.96730815,0.0,Buy
257,257,TRIVENI.NS,2019-03-07,150.0,62.400002,0.0,Sell
258,258,ICICIPRULI.NS,2019-03-07,7.0,340.95001,0.0,Buy
259,259,NBCC.NS,2019-03-07,66.0,39.86662613,0.0,Buy
260,260,WIPRO.NS,2019-03-11,1.0,129.5,0.0,Sell
261,261,GRANULES.NS,2019-03-11,1.0,111.0,0.0,Buy
262,262,PRESTIGE.NS,2019-03-25,1.0,263.64999,0.0,Sell
263,263,CUB.NS,2019-03-25,1.0,200.0,0.0,Buy
264,264,HCLTECH.NS,2019-04-01,31.0,545.0,0.0,Sell
265,265,TRIVENI.NS,2019-04-01,294.0,61.400002,0.0,Buy
266,266,TATAMOTORS.NS,2019-04-15,1.0,131.09826559,0.0,Sell
267,267,ZEEL.NS,2019-05-15,16.0,346.29999,0.0,Sell
268,268,SRF.NS,2019-05-20,2.0,572.0,0.0,Buy
269,269,CANFINHOME.NS,2019-05-20,4.0,325.60001,0.0,Buy
270,270,GUJGASLTD.NS,2019-05-20,8.0,165.0,0.0,Buy
271,271,ICICIPRULI.NS,2019-05-30,7.0,388.0,0.0,Sell
272,272,COFORGE.NS,2019-05-30,9.0,258.19,0.0,Buy
273,273,GUJGASLTD.NS,2019-06-03,8.0,185.5,0.0,Sell
274,274,ICICIPRULI.NS,2019-06-03,3.0,395.0,0.0,Buy
275,275,GRANULES.NS,2019-06-18,1.0,97.0,0.0,Sell
276,276,MOTHERSON.NS,2019-06-20,2.0,41.60696479,0.0,Buy
277,277,OIL.NS,2019-07-19,63.0,109.666557,0.0,Sell
278,278,NBCC.NS,2019-07-22,66.0,33.999966,0.0,Sell
279,279,MOTHERSON.NS,2019-07-22,2.0,36.60748518,0.0,Sell
280,280,MRPL.NS,2019-07-22,1.0,57.5,0.0,Sell
281,281,ASIANPAINT.NS,2019-07-23,6.0,1409.0,0.0,Buy
282,282,COFORGE.NS,2019-07-29,9.0,254.77,0.0,Sell
283,283,TRIVENI.NS,2019-07-31,294.0,56.150002,0.0,Sell
284,284,GUJGASLTD.NS,2019-07-31,142.0,182.0,0.0,Buy
285,285,ASIANPAINT.NS,2019-08-13,6.0,1573.5,0.0,Sell
286,286,GODFRYPHLP.NS,2019-08-13,31.0,263.33307,0.0,Buy
287,287,GODFRYPHLP.NS,2019-08-16,31.0,284.1663825,0.0,Sell
288,288,ASIANPAINT.NS,2019-08-16,5.0,1571.0,0.0,Buy
289,289,ASIANPAINT.NS,2019-09-23,5.0,1697.85,0.0,Sell
290,290,APLAPOLLO.NS,2019-09-23,21.0,132.93,0.0,Buy
291,291,SONATSOFTW.NS,2019-09-23,24.0,119.25,0.0,Buy
292,292,NBCC.NS,2019-09-23,112.0,25.999974,0.0,Buy
293,293,CUB.NS,2019-09-24,1.0,215.89999,0.0,Sell
294,294,CANFINHOME.NS,2019-09-25,4.0,417.45001,0.0,Sell
295,295,BPCL.NS,2019-09-26,4.0,232.600005,0.0,Buy
296,296,MCX.NS,2019-10-16,2.0,214.18,0.0,Sell
297,297,WIPRO.NS,2019-10-16,2.0,122.949995,0.0,Buy
298,298,ICICIPRULI.NS,2019-10-22,3.0,478.35001,0.0,Sell
299,299,MCX.NS,2019-10-22,5.0,213.2,0.0,Buy
300,300,GUJGASLTD.NS,2019-10-30,142.0,186.95,0.0,Sell
301,301,CENTRALBK.NS,2019-10-30,1499.0,18.950001,0.0,Buy
302,302,CENTRALBK.NS,2019-11-01,1499.0,23.299999,0.0,Sell
303,303,LAURUSLABS.NS,2019-11-01,393.0,81.4,0.0,Buy
304,304,APLAPOLLO.NS,2019-12-12,21.0,161.995,0.0,Sell
305,305,DLF.NS,2019-12-13,11.0,226.10001,0.0,Buy
306,306,SRF.NS,2019-12-23,2.0,664.57998,0.0,Sell
307,307,TITAN.NS,2019-12-23,1.0,1206.1,0.0,Buy
308,308,MCX.NS,2020-01-10,5.0,263.0,0.0,Sell
309,309,ANANTRAJ.NS,2020-01-10,63.0,19.69228903,0.0,Buy
310,310,DLF.NS,2020-01-17,11.0,257.0,0.0,Sell
311,311,POLYMED.NS,2020-01-17,11.0,243.75,0.0,Buy
312,312,POLYMED.NS,2020-01-29,11.0,261.89999,0.0,Sell
313,313,NAUKRI.NS,2020-01-29,4.0,556.0,0.0,Buy
314,314,LAURUSLABS.NS,2020-01-31,393.0,91.979998,0.0,Sell
315,315,SUPREMEIND.NS,2020-01-31,12.0,1372.05,0.0,Buy
316,316,COROMANDEL.NS,2020-01-31,28.0,624.79999,0.0,Buy
317,317,BSOFT.NS,2020-02-05,2.0,88.900002,0.0,Buy
318,318,TITAN.NS,2020-02-14,1.0,1306.95,0.0,Sell
319,319,KIRLOSBROS.NS,2020-02-14,9.0,142.39999,0.0,Buy
320,320,NBCC.NS,2020-02-20,112.0,19.666647,0.0,Sell
321,321,TRENT.NS,2020-02-20,3.0,775.90002,0.0,Buy
322,322,ANANTRAJ.NS,2020-02-24,63.0,16.15383,0.0,Sell
323,323,PATANJALI.NS,2020-02-24,80.0,17.01664932,0.0,Buy
324,324,NAUKRI.NS,2020-02-27,4.0,518.2,0.0,Sell
325,325,WIPRO.NS,2020-02-27,2.0,119.475,0.0,Sell
326,326,PATANJALI.NS,2020-03-02,80.0,21.69997763,0.0,Sell
327,327,PATANJALI.NS,2020-03-03,108.0,22.78330988,0.0,Buy
328,328,POWERGRID.NS,2020-03-03,24.0,103.3875,0.0,Buy
329,329,KIRLOSBROS.NS,2020-03-06,9.0,147.0,0.0,Sell
330,330,PIDILITIND.NS,2020-03-09,1.0,834.5,0.0,Buy
331,331,SUPREMEIND.NS,2020-03-11,12.0,1185.05,0.0,Sell
332,332,PATANJALI.NS,2020-03-11,108.0,29.04997162,0.0,Sell
333,333,SONATSOFTW.NS,2020-03-11,24.0,116.8125,0.0,Sell
334,334,POWERGRID.NS,2020-03-11,24.0,100.96875,0.0,Sell
335,335,TRENT.NS,2020-03-11,3.0,664.45001,0.0,Sell
336,336,BPCL.NS,2020-03-11,4.0,211.675005,0.0,Sell
337,337,COROMANDEL.NS,2020-03-12,28.0,603.54999,0.0,Sell
338,338,PIDILITIND.NS,2020-03-12,1.0,835.05,0.0,Sell
339,339,BSOFT.NS,2020-03-12,2.0,84.0,0.0,Sell
340,340,PATANJALI.NS,2020-03-12,1181.0,30.4999695,0.0,Buy
341,341,IDEA.NS,2020-03-12,7835.0,4.6,0.0,Buy
342,342,PATANJALI.NS,2020-03-19,1181.0,38.88329445,0.0,Sell
343,343,ZYDUSLIFE.NS,2020-03-19,94.0,245.0,0.0,Buy
344,344,IDEA.NS,2020-06-04,7835.0,8.2,0.0,Sell
345,345,ABB.NS,2020-06-04,2.0,836.0,0.0,Buy
346,346,SIEMENS.NS,2020-06-04,3.0,584.24940225,0.0,Buy
347,347,SCHAEFFLER.NS,2020-06-04,3.0,677.4,0.0,Buy
348,348,GODREJIND.NS,2020-06-04,6.0,350.70001,0.0,Buy
349,349,GRAPHITE.NS,2020-06-04,11.0,195.5,0.0,Buy
350,350,BANKBARODA.NS,2020-06-04,52.0,43.400002,0.0,Buy
351,351,BRIGADE.NS,2020-06-04,20.0,113.0,0.0,Buy
352,352,EIHOTEL.NS,2020-06-04,31.0,73.11722684,0.0,Buy
353,353,PNB.NS,2020-06-04,76.0,29.950001,0.0,Buy
354,354,CHENNPETRO.NS,2020-06-04,40.0,57.0,0.0,Buy
355,355,RHIM.NS,2020-06-04,15.0,152.3999939,0.0,Buy
356,356,J&KBANK.NS,2020-06-04,170.0,13.45,0.0,Buy
357,357,USHAMART.NS,2020-06-04,151.0,15.15,0.0,Buy
358,358,INDIANB.NS,2020-06-04,46.0,49.75,0.0,Buy
359,359,ELECON.NS,2020-06-04,214.0,10.7,0.0,Buy
360,360,JINDALSAW.NS,2020-06-04,87.0,26.325001,0.0,Buy
361,361,TTML.NS,2020-06-04,833.0,2.75,0.0,Buy
362,362,ANANTRAJ.NS,2020-06-04,282.0,8.128197,0.0,Buy
363,363,ANANTRAJ.NS,2020-06-09,282.0,10.35896451,0.0,Sell
364,364,EIDPARRY.NS,2020-06-09,6.0,210.0,0.0,Buy
365,365,BRIGADE.NS,2020-06-19,20.0,139.75,0.0,Sell
366,366,ELGIEQUIP.NS,2020-06-19,19.0,71.4,0.0,Buy
367,367,TTML.NS,2020-06-22,833.0,4.05,0.0,Sell
368,368,USHAMART.NS,2020-06-22,151.0,19.950001,0.0,Sell
369,369,CHENNPETRO.NS,2020-06-22,40.0,70.349998,0.0,Sell
370,370,INDIANB.NS,2020-06-22,46.0,56.799999,0.0,Sell
371,371,ALKYLAMINE.NS,2020-06-22,1.0,837.6,0.0,Buy
372,372,ADANIPORTS.NS,2020-06-22,4.0,350.0,0.0,Buy
373,373,NTPC.NS,2020-06-22,17.0,94.099998,0.0,Buy
374,374,INOXWIND.NS,2020-06-22,167.0,9.85788,0.0,Buy
375,375,ENDURANCE.NS,2020-06-23,1.0,878.95001,0.0,Buy
376,376,J&KBANK.NS,2020-06-24,170.0,19.15,0.0,Sell
377,377,PATANJALI.NS,2020-06-24,3.0,459.4662072,0.0,Buy
378,378,PATANJALI.NS,2020-07-01,3.0,434.332899,0.0,Sell
379,379,ELECON.NS,2020-07-07,214.0,14.2250005,0.0,Sell
380,380,HINDCOPPER.NS,2020-07-07,44.0,37.349998,0.0,Buy
381,381,GRAPHITE.NS,2020-07-10,11.0,183.10001,0.0,Sell
382,382,POLYMED.NS,2020-07-10,5.0,304.10001,0.0,Buy
383,383,EIDPARRY.NS,2020-07-15,6.0,281.89999,0.0,Sell
384,384,NTPC.NS,2020-07-15,17.0,88.300003,0.0,Sell
385,385,MASTEK.NS,2020-07-15,4.0,394.0,0.0,Buy
386,386,INFY.NS,2020-07-15,2.0,799.0,0.0,Buy
387,387,ADANIPORTS.NS,2020-07-24,4.0,313.89999,0.0,Sell
388,388,DEEPAKFERT.NS,2020-07-24,12.0,129.05124102,0.0,Buy
389,389,MASTEK.NS,2020-07-29,4.0,497.89999,0.0,Sell
390,390,PHOENIXLTD.NS,2020-07-29,5.0,290.725,0.0,Buy
391,391,ZYDUSLIFE.NS,2020-07-30,94.0,361.5,0.0,Sell
392,392,MASTEK.NS,2020-07-30,87.0,545.0,0.0,Buy
393,393,ALKYLAMINE.NS,2020-08-10,1.0,998.6,0.0,Sell
394,394,TRIVENI.NS,2020-08-10,17.0,73.0,0.0,Buy
395,395,ELGIEQUIP.NS,2020-08-12,19.0,90.5,0.0,Sell
396,396,ALKYLAMINE.NS,2020-08-12,1.0,1079.2,0.0,Buy
397,397,RHIM.NS,2020-08-18,15.0,181.0,0.0,Sell
398,398,TRENT.NS,2020-08-18,2.0,561.0,0.0,Buy
399,399,MASTEK.NS,2020-08-19,87.0,704.70001,0.0,Sell
400,400,POLYMED.NS,2020-08-19,5.0,404.10001,0.0,Sell
401,401,JSWSTEEL.NS,2020-08-19,107.0,278.0,0.0,Buy
402,402,NHPC.NS,2020-08-19,1435.0,20.85,0.0,Buy
403,403,PHOENIXLTD.NS,2020-08-20,5.0,317.525,0.0,Sell
404,404,CUB.NS,2020-08-20,11.0,123.8,0.0,Buy
405,405,DEEPAKFERT.NS,2020-08-21,12.0,152.22421727,0.0,Sell
406,406,ALKYLAMINE.NS,2020-08-21,1.0,1156.0,0.0,Sell
407,407,PHOENIXLTD.NS,2020-08-21,4.0,327.475,0.0,Buy
408,408,ANANTRAJ.NS,2020-08-21,100.0,14.948703,0.0,Buy
409,409,ENDURANCE.NS,2020-08-25,1.0,1070.0,0.0,Sell
410,410,ALKYLAMINE.NS,2020-08-25,1.0,1378.4,0.0,Buy
411,411,TATAMOTORS.NS,2020-08-25,19.0,73.53336166,0.0,Buy
412,412,SCHAEFFLER.NS,2020-08-26,3.0,770.0,0.0,Sell
413,413,DBREALTY.NS,2020-08-26,226.0,6.37310324,0.0,Buy
414,414,CUB.NS,2020-08-27,11.0,135.5,0.0,Sell
415,415,GRASIM.NS,2020-08-27,2.0,667.482153,0.0,Buy
416,416,NHPC.NS,2020-08-28,1435.0,22.700001,0.0,Sell
417,417,GODREJIND.NS,2020-09-01,6.0,439.85001,0.0,Sell
418,418,TITAN.NS,2020-09-02,11.0,1116.95,0.0,Buy
419,419,POLYMED.NS,2020-09-02,31.0,402.95001,0.0,Buy
420,420,DBREALTY.NS,2020-09-08,226.0,6.02626769,0.0,Sell
421,421,TRENT.NS,2020-09-11,2.0,679.95001,0.0,Sell
422,422,EIDPARRY.NS,2020-09-11,5.0,297.0,0.0,Buy
423,423,JINDALSAW.NS,2020-09-16,87.0,32.799999,0.0,Sell
424,424,ANANTRAJ.NS,2020-09-18,100.0,14.820498,0.0,Sell
425,425,PNB.NS,2020-09-24,76.0,28.950001,0.0,Sell
426,426,ESCORTS.NS,2020-09-25,1.0,1168.6,0.0,Buy
427,427,RKFORGE.NS,2020-09-25,34.0,54.259998,0.0,Buy
428,428,INFY.NS,2020-10-01,2.0,1020.6,0.0,Sell
429,429,WIPRO.NS,2020-10-01,11.0,158.199995,0.0,Buy
430,430,EIDPARRY.NS,2020-10-14,5.0,262.0,0.0,Sell
431,431,JSWSTEEL.NS,2020-10-21,107.0,320.75,0.0,Sell
432,432,INDIANB.NS,2020-10-21,461.0,59.849998,0.0,Buy
433,433,CARBORUNIV.NS,2020-10-29,7.0,260.0,0.0,Buy
434,434,GRASIM.NS,2020-11-04,2.0,787.253438,0.0,Sell
435,435,BPCL.NS,2020-11-04,11.0,175.25,0.0,Buy
436,436,TITAN.NS,2020-11-09,11.0,1265.4,0.0,Sell
437,437,TRIVENI.NS,2020-11-09,17.0,72.0,0.0,Sell
438,438,NBCC.NS,2020-11-09,501.0,15.3999846,0.0,Buy
439,439,ALOKINDS.NS,2020-11-09,343.0,22.5,0.0,Buy
440,440,SIEMENS.NS,2020-11-10,3.0,705.66941136,0.0,Sell
441,441,TATASTEEL.NS,2020-11-10,45.0,44.0,0.0,Buy
442,442,DBREALTY.NS,2020-11-14,336.0,5.85284992,0.0,Buy
443,443,ABB.NS,2020-11-17,2.0,997.0,0.0,Sell
444,444,TATAMOTORS.NS,2020-11-17,19.0,92.06763262,0.0,Sell
445,445,PRESTIGE.NS,2020-11-17,7.0,266.0,0.0,Buy
446,446,CUB.NS,2020-11-17,10.0,187.55,0.0,Buy
447,447,CARBORUNIV.NS,2020-11-18,7.0,313.95001,0.0,Sell
448,448,INOXWIND.NS,2020-11-19,167.0,10.56025346,0.0,Sell
449,449,CARBORUNIV.NS,2020-11-19,6.0,319.70001,0.0,Buy
450,450,TATASTEEL.NS,2020-11-23,45.0,53.8,0.0,Sell
451,451,DBREALTY.NS,2020-11-24,336.0,6.89335657,0.0,Sell
452,452,PATANJALI.NS,2020-11-24,8.0,238.666428,0.0,Buy
453,453,RKFORGE.NS,2020-11-26,34.0,78.770002,0.0,Sell
454,454,TATAMOTORS.NS,2020-11-26,20.0,103.59873231,0.0,Buy
455,455,NBCC.NS,2020-11-27,501.0,16.999983,0.0,Sell
456,456,MOTHERSON.NS,2020-11-27,156.0,47.65284709,0.0,Buy
457,457,INDIANB.NS,2020-12-02,461.0,69.400002,0.0,Sell
458,458,BRIGADE.NS,2020-12-02,73.0,220.0,0.0,Buy
459,459,EIHOTEL.NS,2020-12-03,31.0,94.849998,0.0,Sell
460,460,KNRCON.NS,2020-12-03,17.0,144.274995,0.0,Buy
461,461,BANKBARODA.NS,2020-12-04,52.0,58.900002,0.0,Sell
462,462,OLECTRA.NS,2020-12-04,27.0,95.400002,0.0,Buy
463,463,HINDCOPPER.NS,2020-12-11,44.0,45.0,0.0,Sell
464,464,ELGIEQUIP.NS,2020-12-11,17.0,146.25,0.0,Buy
465,465,NTPC.NS,2020-12-11,26.0,97.900002,0.0,Buy
466,466,ALOKINDS.NS,2020-12-21,343.0,22.700001,0.0,Sell
467,467,PATANJALI.NS,2020-12-21,8.0,228.44976488,0.0,Sell
468,468,BSOFT.NS,2020-12-21,53.0,214.2,0.0,Buy
469,469,WIPRO.NS,2020-12-22,11.0,177.0,0.0,Sell
470,470,ASTRAL.NS,2020-12-22,1.0,829.6875,0.0,Buy
471,471,SUZLON.NS,2020-12-22,285.0,4.314412,0.0,Buy
472,472,CARBORUNIV.NS,2020-12-24,6.0,385.79999,0.0,Sell
473,473,APLAPOLLO.NS,2020-12-24,6.0,382.5,0.0,Buy
474,474,SUZLON.NS,2020-12-31,285.0,5.874944,0.0,Sell
475,475,BHEL.NS,2020-12-31,34.0,35.400002,0.0,Buy
476,476,ALKYLAMINE.NS,2021-01-01,1.0,1531.98,0.0,Sell
477,477,WIPRO.NS,2021-01-01,12.0,192.524995,0.0,Buy
478,478,WIPRO.NS,2021-01-08,12.0,203.75,0.0,Sell
479,479,TATAMOTORS.NS,2021-01-08,20.0,119.98978349,0.0,Sell
480,480,PHOENIXLTD.NS,2021-01-08,4.0,381.25,0.0,Sell
481,481,MPHASIS.NS,2021-01-08,1.0,1669.0,0.0,Buy
482,482,GRAPHITE.NS,2021-01-08,7.0,321.5,0.0,Buy
483,483,ANANTRAJ.NS,2021-01-08,93.0,27.299999,0.0,Buy
484,484,BRIGADE.NS,2021-01-12,73.0,268.0,0.0,Sell
485,485,KNRCON.NS,2021-01-12,17.0,170.899995,0.0,Sell
486,486,BPCL.NS,2021-01-12,11.0,200.75,0.0,Sell
487,487,KIRLOSBROS.NS,2021-01-12,55.0,137.5,0.0,Buy
488,488,DLF.NS,2021-01-12,31.0,245.2,0.0,Buy
489,489,CHENNPETRO.NS,2021-01-12,65.0,117.1,0.0,Buy
490,490,ANANTRAJ.NS,2021-01-14,93.0,30.75,0.0,Sell
491,491,CHENNPETRO.NS,2021-01-25,65.0,121.7,0.0,Sell
492,492,NTPC.NS,2021-01-25,26.0,95.050003,0.0,Sell
493,493,TTML.NS,2021-01-25,656.0,14.9,0.0,Buy
494,494,KNRCON.NS,2021-01-29,6.0,186.850005,0.0,Buy
495,495,OLECTRA.NS,2021-02-01,27.0,140.0,0.0,Sell
496,496,TATAMOTORS.NS,2021-02-01,16.0,162.85405835,0.0,Buy
497,497,TTML.NS,2021-02-02,656.0,18.9,0.0,Sell
498,498,ASTRAL.NS,2021-02-02,1.0,984.346875,0.0,Sell
499,499,OLECTRA.NS,2021-02-02,31.0,151.85001,0.0,Buy
500,500,PFC.NS,2021-02-02,51.0,94.04,0.0,Buy
501,501,POLYMED.NS,2021-02-05,31.0,520.5,0.0,Sell
502,502,BSOFT.NS,2021-02-05,53.0,271.45001,0.0,Sell
503,503,KIRLOSBROS.NS,2021-02-05,55.0,156.85001,0.0,Sell
504,504,GRAPHITE.NS,2021-02-05,7.0,337.0,0.0,Sell
505,505,SIEMENS.NS,2021-02-05,12.0,960.7656837,0.0,Buy
506,506,KEC.NS,2021-02-05,29.0,415.35001,0.0,Buy
507,507,BRIGADE.NS,2021-02-05,46.0,266.5,0.0,Buy
508,508,GUJGASLTD.NS,2021-02-08,11.0,415.0,0.0,Buy
509,509,MOTHERSON.NS,2021-02-11,156.0,57.85111777,0.0,Sell
510,510,POLYMED.NS,2021-02-11,16.0,562.0,0.0,Buy
511,511,PRESTIGE.NS,2021-02-17,7.0,289.95001,0.0,Sell
512,512,NTPC.NS,2021-02-17,27.0,97.849998,0.0,Buy
513,513,POLYMED.NS,2021-02-19,16.0,650.0,0.0,Sell
514,514,DBREALTY.NS,2021-02-19,496.0,19.20601862,0.0,Buy
515,515,APLAPOLLO.NS,2021-02-23,6.0,475.54999,0.0,Sell
516,516,ABFRL.NS,2021-02-23,49.0,56.16209666,0.0,Buy
517,517,BHEL.NS,2021-02-24,34.0,41.200001,0.0,Sell
518,518,APLAPOLLO.NS,2021-02-24,2.0,492.5,0.0,Buy
519,519,DBREALTY.NS,2021-02-26,496.0,24.40855188,0.0,Sell
520,520,CHENNPETRO.NS,2021-02-26,99.0,98.800003,0.0,Buy
521,521,GUJGASLTD.NS,2021-03-01,11.0,502.0,0.0,Sell
522,522,DBREALTY.NS,2021-03-01,188.0,25.62247544,0.0,Buy
523,523,ABFRL.NS,2021-03-02,49.0,65.13,0.0,Sell
524,524,APLAPOLLO.NS,2021-03-02,2.0,558.0,0.0,Sell
525,525,KIRLOSBROS.NS,2021-03-02,13.0,155.35001,0.0,Buy
526,526,ALOKINDS.NS,2021-03-02,109.0,19.75,0.0,Buy
527,527,ELGIEQUIP.NS,2021-03-05,17.0,183.5,0.0,Sell
528,528,OLECTRA.NS,2021-03-08,31.0,196.05,0.0,Sell
529,529,ELGIEQUIP.NS,2021-03-08,42.0,188.0,0.0,Buy
530,530,DBREALTY.NS,2021-03-18,188.0,23.32469078,0.0,Sell
531,531,GRASIM.NS,2021-03-18,1.0,1386.458448,0.0,Buy
532,532,ADANIPOWER.NS,2021-03-18,134.0,18.0699996,0.0,Buy
533,533,KIRLOSBROS.NS,2021-03-23,13.0,212.0,0.0,Sell
534,534,CUB.NS,2021-03-24,10.0,168.0,0.0,Sell
535,535,ASIANPAINT.NS,2021-03-25,2.0,2450.95,0.0,Buy
536,536,CHAMBLFERT.NS,2021-05-11,34.0,223.60001,0.0,Buy
537,537,J&KBANK.NS,2021-05-11,308.0,25.1,0.0,Buy
538,538,CHAMBLFERT.NS,2021-05-19,34.0,279.0,0.0,Sell
539,539,PATANJALI.NS,2021-05-19,26.0,272.6997273,0.0,Buy
540,540,CHENNPETRO.NS,2021-05-20,99.0,123.85,0.0,Sell
541,541,ANANTRAJ.NS,2021-05-20,172.0,52.75,0.0,Buy
542,542,ASIANPAINT.NS,2021-05-24,2.0,2846.0,0.0,Sell
543,543,PATANJALI.NS,2021-05-25,26.0,375.61629105,0.0,Sell
544,544,PHOENIXLTD.NS,2021-05-25,22.0,365.475,0.0,Buy
545,545,ADANIPOWER.NS,2021-06-04,134.0,20.28,0.0,Sell
546,546,DBREALTY.NS,2021-06-04,122.0,19.20601862,0.0,Buy
547,547,NTPC.NS,2021-06-08,27.0,117.5,0.0,Sell
548,548,RENUKA.NS,2021-06-08,144.0,19.700001,0.0,Buy
549,549,DBREALTY.NS,2021-06-10,122.0,22.76108301,0.0,Sell
550,550,ALOKINDS.NS,2021-06-10,109.0,20.4,0.0,Sell
551,551,COFORGE.NS,2021-06-10,2.0,775.76,0.0,Buy
552,552,MPHASIS.NS,2021-06-15,1.0,1994.0,0.0,Sell
553,553,RENUKA.NS,2021-06-17,144.0,26.299999,0.0,Sell
554,554,JPPOWER.NS,2021-06-17,537.0,5.6,0.0,Buy
555,555,J&KBANK.NS,2021-06-18,308.0,31.200001,0.0,Sell
556,556,TTML.NS,2021-06-18,289.0,30.35,0.0,Buy
557,557,TTML.NS,2021-06-25,289.0,38.599998,0.0,Sell
558,558,OIL.NS,2021-06-25,85.0,104.59988873,0.0,Buy
559,559,KNRCON.NS,2021-06-29,6.0,220.0,0.0,Sell
560,560,COFORGE.NS,2021-07-07,2.0,838.0,0.0,Sell
561,561,COLPAL.NS,2021-07-07,1.0,1691.0,0.0,Buy
562,562,SCHNEIDER.NS,2021-07-09,41.0,129.45,0.0,Buy
563,563,DLF.NS,2021-07-15,31.0,312.0,0.0,Sell
564,564,PRESTIGE.NS,2021-07-15,26.0,302.0,0.0,Buy
565,565,SCHAEFFLER.NS,2021-07-22,2.0,1122.0,0.0,Buy
566,566,JPPOWER.NS,2021-07-29,537.0,4.85,0.0,Sell
567,567,SRF.NS,2021-07-29,1.0,1560.0,0.0,Buy
568,568,PRESTIGE.NS,2021-08-02,26.0,343.70001,0.0,Sell
569,569,MPHASIS.NS,2021-08-02,1.0,2619.5,0.0,Buy
570,570,GODREJCP.NS,2021-08-02,5.0,990.04999,0.0,Buy
571,571,SIEMENS.NS,2021-08-12,12.0,1127.41952793,0.0,Sell
572,572,TATACONSUM.NS,2021-08-12,8.0,756.41321816,0.0,Buy
573,573,WIPRO.NS,2021-08-12,21.0,301.0,0.0,Buy
574,574,SRF.NS,2021-08-27,1.0,1825.0,0.0,Sell
575,575,CARBORUNIV.NS,2021-08-27,3.0,764.79999,0.0,Buy
576,576,OIL.NS,2021-08-30,85.0,117.999882,0.0,Sell
577,577,SRF.NS,2021-08-30,4.0,1900.0,0.0,Buy
578,578,BRIGADE.NS,2021-08-31,46.0,312.25,0.0,Sell
579,579,SOBHA.NS,2021-08-31,18.0,598.61685257,0.0,Buy
580,580,GODREJCP.NS,2021-09-01,5.0,1105.8,0.0,Sell
581,581,MARICO.NS,2021-09-01,9.0,549.34998,0.0,Buy
582,582,SOBHA.NS,2021-09-03,18.0,705.21718307,0.0,Sell
583,583,WIPRO.NS,2021-09-03,21.0,326.5,0.0,Sell
584,584,BRIGADE.NS,2021-09-03,25.0,371.64999,0.0,Buy
585,585,RELIANCE.NS,2021-09-03,9.0,1048.577145,0.0,Buy
586,586,MPHASIS.NS,2021-09-17,1.0,3177.6001,0.0,Sell
587,587,HCLTECH.NS,2021-09-20,4.0,1258.0,0.0,Buy
588,588,GRASIM.NS,2021-09-23,1.0,1572.415195,0.0,Sell
589,589,RCF.NS,2021-09-23,35.0,74.75,0.0,Buy
590,590,ANANTRAJ.NS,2021-09-24,172.0,72.699997,0.0,Sell
591,591,PHOENIXLTD.NS,2021-09-24,22.0,467.5,0.0,Sell
592,592,BAJAJ-AUTO.NS,2021-09-24,2.0,3800.0,0.0,Buy
593,593,DLF.NS,2021-09-24,27.0,404.39999,0.0,Buy
594,594,PFC.NS,2021-09-28,51.0,109.16,0.0,Sell
595,595,TRIVENI.NS,2021-09-28,32.0,173.64999,0.0,Buy
596,596,SCHAEFFLER.NS,2021-09-30,2.0,1497.8,0.0,Sell
597,597,TVSMOTOR.NS,2021-09-30,5.0,550.0,0.0,Buy
598,598,RELIANCE.NS,2021-10-07,9.0,1177.9470525,0.0,Sell
599,599,SRF.NS,2021-10-07,4.0,2301.64,0.0,Sell
600,600,SUPREMEIND.NS,2021-10-07,3.0,2529.0,0.0,Buy
601,601,PERSISTENT.NS,2021-10-07,5.0,1887.44995,0.0,Buy
602,602,TATAMOTORS.NS,2021-10-12,16.0,255.37448261,0.0,Sell
603,603,TATAPOWER.NS,2021-10-12,17.0,194.89999,0.0,Buy
604,604,TRIVENI.NS,2021-10-14,32.0,208.5,0.0,Sell
605,605,INDIANB.NS,2021-10-14,35.0,164.45,0.0,Buy
606,606,KEC.NS,2021-10-21,29.0,458.35001,0.0,Sell
607,607,COLPAL.NS,2021-10-21,1.0,1610.0,0.0,Sell
608,608,SCHNEIDER.NS,2021-10-22,41.0,112.7,0.0,Sell
609,609,KEC.NS,2021-10-22,23.0,474.85001,0.0,Buy
610,610,RBLBANK.NS,2021-10-22,56.0,198.0,0.0,Buy
611,611,TVSMOTOR.NS,2021-10-27,5.0,627.79999,0.0,Sell
612,612,RBLBANK.NS,2021-10-28,56.0,207.0,0.0,Sell
613,613,SUPREMEIND.NS,2021-10-28,3.0,2285.0,0.0,Sell
614,614,ESCORTS.NS,2021-10-28,1.0,1550.0,0.0,Sell
615,615,INDIGO.NS,2021-10-28,4.0,2020.8,0.0,Buy
616,616,TVSMOTOR.NS,2021-10-28,15.0,624.79999,0.0,Buy
617,617,CANBK.NS,2021-10-28,244.0,40.19,0.0,Buy
618,618,BRIGADE.NS,2021-11-01,25.0,469.70001,0.0,Sell
619,619,PHOENIXLTD.NS,2021-11-01,19.0,476.85,0.0,Buy
620,620,CENTURYPLY.NS,2021-11-03,1.0,605.90002,0.0,Buy
621,621,POONAWALLA.NS,2021-11-03,4.0,175.0,0.0,Buy
622,622,TVSMOTOR.NS,2021-11-08,15.0,709.0,0.0,Sell
623,623,PRESTIGE.NS,2021-11-08,9.0,474.0,0.0,Buy
624,624,RBLBANK.NS,2021-11-08,21.0,203.55,0.0,Buy
625,625,BAJAJ-AUTO.NS,2021-11-11,2.0,3774.5,0.0,Sell
626,626,UNOMINDA.NS,2021-11-11,23.0,432.5,0.0,Buy
627,627,HCLTECH.NS,2021-11-17,4.0,1160.5,0.0,Sell
628,628,ESCORTS.NS,2021-11-17,3.0,1633.0,0.0,Buy
629,629,RCF.NS,2021-11-18,35.0,77.900002,0.0,Sell
630,630,TTML.NS,2021-11-18,33.0,80.050003,0.0,Buy
631,631,ELGIEQUIP.NS,2021-11-23,42.0,210.4,0.0,Sell
632,632,CARBORUNIV.NS,2021-11-23,3.0,897.5,0.0,Sell
633,633,IDEA.NS,2021-11-23,1224.0,10.45,0.0,Buy
634,634,KEC.NS,2021-11-25,23.0,466.04999,0.0,Sell
635,635,ASTRAZEN.NS,2021-11-25,1.0,3054.55,0.0,Buy
636,636,TORNTPHARM.NS,2021-11-25,3.0,1418.95,0.0,Buy
637,637,INDIANB.NS,2021-11-26,35.0,151.60001,0.0,Sell
638,638,LALPATHLAB.NS,2021-11-26,3.0,1700.0,0.0,Buy
639,639,TTML.NS,2021-11-29,33.0,105.5,0.0,Sell
640,640,SONATSOFTW.NS,2021-11-29,9.0,281.868758,0.0,Buy
641,641,IDEA.NS,2021-12-01,1224.0,11.1,0.0,Sell
642,642,IFCI.NS,2021-12-01,1113.0,11.95,0.0,Buy
643,643,POONAWALLA.NS,2021-12-06,4.0,209.5,0.0,Sell
644,644,MMTC.NS,2021-12-06,20.0,40.599998,0.0,Buy
645,645,IFCI.NS,2021-12-07,1113.0,15.3,0.0,Sell
646,646,ANANTRAJ.NS,2021-12-07,187.0,73.050003,0.0,Buy
647,647,MARICO.NS,2021-12-16,9.0,514.04999,0.0,Sell
648,648,WIPRO.NS,2021-12-16,17.0,322.0,0.0,Buy
649,649,TATACONSUM.NS,2021-12-17,8.0,729.096768,0.0,Sell
650,650,LALPATHLAB.NS,2021-12-17,3.0,1763.25,0.0,Sell
651,651,BAYERCROP.NS,2021-12-17,2.0,4778.0,0.0,Buy
652,652,UNOMINDA.NS,2021-12-20,23.0,513.0,0.0,Sell
653,653,HCLTECH.NS,2021-12-20,9.0,1160.0,0.0,Buy
654,654,PERSISTENT.NS,2021-12-23,5.0,2285.0,0.0,Sell
655,655,ECLERX.NS,2021-12-23,3.0,1541.49845882,0.0,Buy
656,656,FSL.NS,2021-12-23,30.0,161.45,0.0,Buy
657,657,RBLBANK.NS,2021-12-24,21.0,178.85001,0.0,Sell
658,658,CCL.NS,2021-12-24,11.0,401.89999,0.0,Buy
659,659,HCLTECH.NS,2021-12-31,9.0,1320.0,0.0,Sell
660,660,ECLERX.NS,2021-12-31,3.0,1635.49836484,0.0,Sell
661,661,LTTS.NS,2021-12-31,1.0,5585.0,0.0,Buy
662,662,COALINDIA.NS,2021-12-31,58.0,145.95,0.0,Buy
663,663,LTTS.NS,2022-01-20,1.0,5100.0,0.0,Sell
664,664,WIPRO.NS,2022-01-21,17.0,305.0,0.0,Sell
665,665,ASTRAZEN.NS,2022-01-21,1.0,3008.75,0.0,Sell
666,666,HEROMOTOCO.NS,2022-01-24,3.0,2740.0,0.0,Buy
667,667,SOLARINDS.NS,2022-01-24,4.0,2319.8,0.0,Buy
668,668,FSL.NS,2022-01-25,30.0,155.0,0.0,Sell
669,669,TORNTPHARM.NS,2022-01-25,3.0,1545.0,0.0,Sell
670,670,CHOLAHLDNG.NS,2022-01-25,4.0,690.0,0.0,Buy
671,671,PNB.NS,2022-01-25,90.0,37.900002,0.0,Buy
672,672,MMTC.NS,2022-01-27,20.0,49.400002,0.0,Sell
673,673,INDIANB.NS,2022-01-27,6.0,134.0,0.0,Buy
674,674,CANBK.NS,2022-02-01,244.0,50.970002,0.0,Sell
675,675,CCL.NS,2022-02-01,11.0,473.5,0.0,Sell
676,676,INDUSINDBK.NS,2022-02-01,8.0,879.0,0.0,Buy
677,677,RECLTD.NS,2022-02-01,72.0,104.5875,0.0,Buy
678,678,INDIANB.NS,2022-02-04,6.0,168.14999,0.0,Sell
679,679,NLCINDIA.NS,2022-02-04,13.0,67.199997,0.0,Buy
680,680,BAYERCROP.NS,2022-02-11,2.0,4612.0,0.0,Sell
681,681,SONATSOFTW.NS,2022-02-11,9.0,300.0,0.0,Sell
682,682,SOLARINDS.NS,2022-02-14,4.0,2239.7,0.0,Sell
683,683,BLUESTARCO.NS,2022-02-15,57.0,504.0,0.0,Buy
684,684,RECLTD.NS,2022-02-17,72.0,98.1375,0.0,Sell
685,685,DLF.NS,2022-02-21,27.0,356.0,0.0,Sell
686,686,PNB.NS,2022-02-23,90.0,37.200001,0.0,Sell
687,687,NLCINDIA.NS,2022-02-23,13.0,60.0,0.0,Sell
688,688,APOLLOHOSP.NS,2022-02-25,2.0,4570.0,0.0,Buy
689,689,CROMPTON.NS,2022-02-25,28.0,416.0,0.0,Buy
690,690,COALINDIA.NS,2022-02-28,58.0,162.45,0.0,Sell
691,691,HINDZINC.NS,2022-02-28,12.0,309.25,0.0,Buy
692,692,GNFC.NS,2022-02-28,7.0,544.0,0.0,Buy
693,693,INDIGO.NS,2022-03-02,4.0,1836.0,0.0,Sell
694,694,TORNTPHARM.NS,2022-03-02,1.0,1369.95,0.0,Buy
695,695,COALINDIA.NS,2022-03-02,13.0,171.0,0.0,Buy
696,696,HEROMOTOCO.NS,2022-03-03,3.0,2441.0,0.0,Sell
697,697,GAIL.NS,2022-03-04,242.0,106.0,0.0,Buy
698,698,PRESTIGE.NS,2022-03-07,9.0,426.0,0.0,Sell
699,699,WIPRO.NS,2022-03-07,4.0,281.5,0.0,Buy
700,700,CHOLAHLDNG.NS,2022-03-09,4.0,626.0,0.0,Sell
701,701,MASTEK.NS,2022-03-09,1.0,2810.0,0.0,Buy
702,702,GNFC.NS,2022-03-11,7.0,631.5,0.0,Sell
703,703,PATANJALI.NS,2022-03-11,12.0,272.333061,0.0,Buy
704,704,HINDZINC.NS,2022-03-14,12.0,313.0,0.0,Sell
705,705,APLAPOLLO.NS,2022-03-14,3.0,908.65002,0.0,Buy
706,706,OLECTRA.NS,2022-04-04,2.0,694.84998,0.0,Buy
707,707,TATAPOWER.NS,2022-04-05,17.0,253.85001,0.0,Sell
708,708,PATANJALI.NS,2022-04-05,12.0,309.99969,0.0,Sell
709,709,KIRLOSBROS.NS,2022-04-05,11.0,304.79999,0.0,Buy
710,710,NTPC.NS,2022-04-05,24.0,145.39999,0.0,Buy
711,711,ANANTRAJ.NS,2022-04-18,187.0,64.5,0.0,Sell
712,712,AIAENG.NS,2022-04-18,8.0,1749.25,0.0,Buy
713,713,ELGIEQUIP.NS,2022-04-21,2.0,312.85,0.0,Buy
714,714,WIPRO.NS,2022-04-29,4.0,264.25,0.0,Sell
715,715,TECHNOE.NS,2022-05-02,11.0,288.0,0.0,Buy
716,716,APOLLOHOSP.NS,2022-05-05,2.0,4042.0,0.0,Sell
717,717,OLECTRA.NS,2022-05-05,2.0,635.0,0.0,Sell
718,718,CENTURYPLY.NS,2022-05-10,1.0,549.34998,0.0,Sell
719,719,CROMPTON.NS,2022-05-11,28.0,349.0,0.0,Sell
720,720,ELGIEQUIP.NS,2022-05-11,2.0,297.05,0.0,Sell
721,721,GESHIP.NS,2022-05-17,65.0,393.64999,0.0,Buy
722,722,AIAENG.NS,2022-05-25,8.0,1892.2,0.0,Sell
723,723,KIRLOSBROS.NS,2022-05-25,11.0,264.60001,0.0,Sell
724,724,BALKRISIND.NS,2022-05-26,2.0,2161.3501,0.0,Buy
725,725,ASTRAZEN.NS,2022-05-26,2.0,2642.0,0.0,Buy
726,726,TVSMOTOR.NS,2022-05-26,8.0,702.15002,0.0,Buy
727,727,MASTEK.NS,2022-06-14,1.0,2405.0,0.0,Sell
728,728,BLS.NS,2022-06-14,30.0,93.199995,0.0,Buy
729,729,INDUSINDBK.NS,2022-06-16,8.0,854.0,0.0,Sell
730,730,INDUSTOWER.NS,2022-06-16,28.0,207.95,0.0,Buy
731,731,BLUESTARCO.NS,2022-06-17,57.0,463.0,0.0,Sell
732,732,GAIL.NS,2022-06-17,242.0,92.66666667,0.0,Sell
733,733,NTPC.NS,2022-06-17,24.0,141.10001,0.0,Sell
734,734,TECHNOE.NS,2022-06-17,11.0,251.0,0.0,Sell
735,735,ASAHIINDIA.NS,2022-06-20,76.0,463.79999,0.0,Buy
736,736,LUPIN.NS,2022-06-20,59.0,598.04999,0.0,Buy
737,737,PHOENIXLTD.NS,2022-06-27,19.0,568.5,0.0,Sell
738,738,CGPOWER.NS,2022-06-27,13.0,188.0,0.0,Buy
739,739,TVSMOTOR.NS,2022-06-29,8.0,813.90002,0.0,Sell
740,740,ESCORTS.NS,2022-06-29,3.0,1530.1,0.0,Sell
741,741,SOBHA.NS,2022-06-29,10.0,517.03592143,0.0,Buy
742,742,RECLTD.NS,2022-06-29,58.0,89.5875,0.0,Buy
743,743,ANANTRAJ.NS,2022-07-04,46.0,53.0,0.0,Buy
744,744,SOBHA.NS,2022-07-07,10.0,603.58178,0.0,Sell
745,745,TATAMOTORS.NS,2022-07-07,19.0,253.50293781,0.0,Buy
746,746,CGPOWER.NS,2022-07-20,13.0,204.0,0.0,Sell
747,747,SWANENERGY.NS,2022-07-20,12.0,198.60001,0.0,Buy
748,748,ANANTRAJ.NS,2022-07-22,46.0,70.849998,0.0,Sell
749,749,TATASTEEL.NS,2022-07-22,26.0,94.25,0.0,Buy
750,750,TATASTEEL.NS,2022-07-29,26.0,103.0,0.0,Sell
751,751,SCHNEIDER.NS,2022-07-29,11.0,110.6,0.0,Buy
752,752,WIPRO.NS,2022-07-29,6.0,210.300005,0.0,Buy
753,753,GESHIP.NS,2022-08-01,65.0,478.0,0.0,Sell
754,754,COALINDIA.NS,2022-08-10,13.0,215.85001,0.0,Sell
755,755,RECLTD.NS,2022-08-11,58.0,100.5,0.0,Sell
756,756,APLAPOLLO.NS,2022-08-11,3.0,1055.0,0.0,Sell
757,757,TATASTEEL.NS,2022-08-11,49.0,110.3,0.0,Buy
758,758,KIRLOSENG.NS,2022-08-11,32.0,170.5,0.0,Buy
759,759,TORNTPHARM.NS,2022-08-12,1.0,1535.65,0.0,Sell
760,760,TRENT.NS,2022-08-12,1.0,1347.0,0.0,Buy
761,761,HEG.NS,2022-08-18,99.0,264.99,0.0,Buy
762,762,ASAHIINDIA.NS,2022-08-23,76.0,579.40002,0.0,Sell
763,763,LUPIN.NS,2022-08-23,59.0,675.0,0.0,Sell
764,764,RADICO.NS,2022-08-23,43.0,963.5,0.0,Buy
765,765,AJANTPHARM.NS,2022-08-23,32.0,1297.0,0.0,Buy
766,766,KIRLOSENG.NS,2022-08-24,32.0,189.0,0.0,Sell
767,767,ANANTRAJ.NS,2022-08-24,60.0,71.949997,0.0,Buy
768,768,SCHNEIDER.NS,2022-08-25,11.0,125.6,0.0,Sell
769,769,KIRLOSENG.NS,2022-08-25,7.0,198.5,0.0,Buy
770,770,BLS.NS,2022-08-29,30.0,113.574995,0.0,Sell
771,771,DBREALTY.NS,2022-08-29,53.0,54.75666429,0.0,Buy
772,772,DBREALTY.NS,2022-09-07,53.0,73.26901007,0.0,Sell
773,773,KIRLOSENG.NS,2022-09-07,7.0,230.60001,0.0,Sell
774,774,BALRAMCHIN.NS,2022-09-07,5.0,374.0,0.0,Buy
775,775,ALOKINDS.NS,2022-09-07,107.0,20.15,0.0,Buy
776,776,RENUKA.NS,2022-09-21,2.0,55.349998,0.0,Buy
777,777,HEG.NS,2022-09-23,99.0,227.2,0.0,Sell
778,778,BALKRISIND.NS,2022-09-23,2.0,1922.0,0.0,Sell
779,779,TATASTEEL.NS,2022-09-26,49.0,104.4,0.0,Sell
780,780,ALOKINDS.NS,2022-09-26,107.0,19.15,0.0,Sell
781,781,LALPATHLAB.NS,2022-09-26,36.0,1256.0,0.0,Buy
782,782,ANANTRAJ.NS,2022-10-03,60.0,96.050003,0.0,Sell
783,783,WIPRO.NS,2022-10-12,6.0,202.125,0.0,Sell
784,784,COFORGE.NS,2022-10-13,1.0,724.0,0.0,Buy
785,785,AJANTPHARM.NS,2022-10-27,32.0,1268.0,0.0,Sell
786,786,BALRAMCHIN.NS,2022-10-27,5.0,333.39999,0.0,Sell
787,787,JUBLPHARMA.NS,2022-10-27,40.0,335.35001,0.0,Buy
788,788,GAIL.NS,2022-10-27,157.0,86.650002,0.0,Buy
789,789,RECLTD.NS,2022-10-27,143.0,95.199997,0.0,Buy
790,790,ASTRAZEN.NS,2022-10-31,2.0,3309.3,0.0,Sell
791,791,ADANIPORTS.NS,2022-10-31,1.0,824.0,0.0,Buy
792,792,TORNTPOWER.NS,2022-10-31,2.0,502.0,0.0,Buy
793,793,ITI.NS,2022-10-31,10.0,104.35,0.0,Buy
794,794,SWANENERGY.NS,2022-11-18,12.0,226.0,0.0,Sell
795,795,CENTRALBK.NS,2022-11-18,119.0,23.0,0.0,Buy
796,796,RECLTD.NS,2022-11-24,143.0,99.949997,0.0,Sell
797,797,BHEL.NS,2022-11-24,154.0,75.300003,0.0,Buy
798,798,CENTRALBK.NS,2022-12-07,119.0,26.4,0.0,Sell
799,799,RAMCOCEM.NS,2022-12-07,4.0,704.34998,0.0,Buy
800,800,TATAMOTORS.NS,2022-12-22,19.0,243.96413942,0.0,Sell
801,801,ITI.NS,2022-12-22,10.0,106.9,0.0,Sell
802,802,CCL.NS,2022-12-26,4.0,497.70001,0.0,Buy
803,803,JSWSTEEL.NS,2022-12-26,3.0,727.54999,0.0,Buy
804,804,USHAMART.NS,2022-12-26,15.0,145.75,0.0,Buy
805,805,LALPATHLAB.NS,2022-12-30,36.0,1150.0,0.0,Sell
806,806,TATASTEEL.NS,2022-12-30,437.0,112.9,0.0,Buy
807,807,TRENT.NS,2023-01-05,1.0,1312.0,0.0,Sell
808,808,KEC.NS,2023-01-06,3.0,475.60001,0.0,Buy
809,809,INDUSTOWER.NS,2023-01-16,28.0,185.35001,0.0,Sell
810,810,INFY.NS,2023-01-16,3.0,1510.0,0.0,Buy
811,811,TORNTPOWER.NS,2023-01-18,2.0,483.0,0.0,Sell
812,812,SWANENERGY.NS,2023-01-18,3.0,328.60001,0.0,Buy
813,813,GAIL.NS,2023-01-20,157.0,97.599998,0.0,Sell
814,814,COFORGE.NS,2023-01-20,1.0,808.2,0.0,Sell
815,815,COALINDIA.NS,2023-01-20,28.0,224.85001,0.0,Buy
816,816,KIRLOSENG.NS,2023-01-20,20.0,319.54999,0.0,Buy
817,817,ADANIPORTS.NS,2023-01-24,1.0,769.15002,0.0,Sell
818,818,BHEL.NS,2023-01-25,154.0,78.5,0.0,Sell
819,819,RAMCOCEM.NS,2023-01-25,4.0,676.65002,0.0,Sell
820,820,SUPREMEIND.NS,2023-01-25,3.0,2394.05,0.0,Buy
821,821,EMAMILTD.NS,2023-01-25,20.0,420.79999,0.0,Buy
822,822,JUBLPHARMA.NS,2023-02-02,40.0,345.0,0.0,Sell
823,823,SWANENERGY.NS,2023-02-02,3.0,308.95001,0.0,Sell
824,824,RENUKA.NS,2023-02-02,2.0,47.849998,0.0,Sell
825,825,BRIGADE.NS,2023-02-02,27.0,467.10001,0.0,Buy
826,826,RADICO.NS,2023-02-03,43.0,1141.3,0.0,Sell
827,827,CHOLAHLDNG.NS,2023-02-03,11.0,602.75,0.0,Buy
828,828,TATACHEM.NS,2023-02-03,7.0,968.59998,0.0,Buy
829,829,BALKRISIND.NS,2023-02-03,3.0,2278.0,0.0,Buy
830,830,M&MFIN.NS,2023-02-03,30.0,232.68289597,0.0,Buy
831,831,IDEA.NS,2023-02-03,1038.0,6.8,0.0,Buy
832,832,EMAMILTD.NS,2023-02-10,20.0,410.95001,0.0,Sell
833,833,BALKRISIND.NS,2023-02-10,3.0,2295.0,0.0,Sell
834,834,TITAN.NS,2023-02-10,3.0,2452.0,0.0,Buy
835,835,SUNDRMFAST.NS,2023-02-10,8.0,984.90002,0.0,Buy
836,836,POLYMED.NS,2023-02-17,3.0,898.20001,0.0,Buy
837,837,IDEA.NS,2023-02-22,1038.0,7.0,0.0,Sell
838,838,GLAXO.NS,2023-02-22,4.0,1281.35,0.0,Buy
839,839,JSWSTEEL.NS,2023-02-23,3.0,701.90002,0.0,Sell
840,840,INOXWIND.NS,2023-02-23,100.0,23.97929384,0.0,Buy
841,841,KIRLOSENG.NS,2023-03-06,20.0,320.39999,0.0,Sell
842,842,DBREALTY.NS,2023-03-06,110.0,62.69052838,0.0,Buy
843,843,CHOLAHLDNG.NS,2023-03-15,11.0,561.59998,0.0,Sell
844,844,BPCL.NS,2023-03-15,35.0,164.5,0.0,Buy
845,845,INFY.NS,2023-03-17,3.0,1430.0,0.0,Sell
846,846,PIDILITIND.NS,2023-03-17,5.0,1177.525,0.0,Buy
847,847,M&MFIN.NS,2023-03-20,30.0,229.4234964,0.0,Sell
848,848,SAREGAMA.NS,2023-03-20,18.0,319.95001,0.0,Buy
849,849,TATASTEEL.NS,2023-03-23,437.0,104.4,0.0,Sell
850,850,USHAMART.NS,2023-03-24,15.0,211.0,0.0,Sell
851,851,GRASIM.NS,2023-03-24,18.0,1598.610495,0.0,Buy
852,852,GESHIP.NS,2023-03-24,48.0,604.20001,0.0,Buy
853,853,DBREALTY.NS,2023-04-13,110.0,66.67913635,0.0,Sell
854,854,ANANTRAJ.NS,2023-04-13,46.0,141.39999,0.0,Buy
855,855,GRASIM.NS,2023-05-05,18.0,1744.776283,0.0,Sell
856,856,SOBHA.NS,2023-05-05,54.0,456.28836504,0.0,Buy
857,857,PIDILITIND.NS,2023-05-10,5.0,1238.5,0.0,Sell
858,858,SIEMENS.NS,2023-05-10,3.0,1911.14471136,0.0,Buy
859,859,SOBHA.NS,2023-05-12,54.0,493.42811489,0.0,Sell
860,860,BRIGADE.NS,2023-05-12,27.0,543.20001,0.0,Sell
861,861,GODREJCP.NS,2023-05-12,22.0,982.95001,0.0,Buy
862,862,ZENSARTECH.NS,2023-05-12,68.0,325.0,0.0,Buy
863,863,SIEMENS.NS,2023-05-19,3.0,1994.83514047,0.0,Sell
864,864,INFY.NS,2023-05-19,5.0,1256.05,0.0,Buy
865,865,TITAN.NS,2023-05-26,3.0,2707.95,0.0,Sell
866,866,INOXWIND.NS,2023-05-26,100.0,28.57552965,0.0,Sell
867,867,SBIN.NS,2023-05-26,8.0,581.25,0.0,Buy
868,868,WELCORP.NS,2023-05-26,20.0,238.95,0.0,Buy
869,869,CCL.NS,2023-06-02,4.0,639.65002,0.0,Sell
870,870,TATAMOTORS.NS,2023-06-02,7.0,324.19881125,0.0,Buy
871,871,WELCORP.NS,2023-06-06,20.0,264.29999,0.0,Sell
872,872,BAJAJ-AUTO.NS,2023-06-06,1.0,4717.5,0.0,Buy
873,873,ANANTRAJ.NS,2023-06-09,46.0,162.0,0.0,Sell
874,874,APOLLOTYRE.NS,2023-06-09,17.0,396.95001,0.0,Buy
875,875,SUPREMEIND.NS,2023-06-12,3.0,2837.1001,0.0,Sell
876,876,BBTC.NS,2023-06-12,9.0,957.0,0.0,Buy
877,877,GESHIP.NS,2023-06-14,48.0,722.45001,0.0,Sell
878,878,SUNDRMFAST.NS,2023-06-14,8.0,1158.9,0.0,Sell
879,879,BPCL.NS,2023-06-14,35.0,186.75,0.0,Sell
880,880,POLYMED.NS,2023-06-14,3.0,983.90002,0.0,Sell
881,881,DRREDDY.NS,2023-06-14,13.0,941.56,0.0,Buy
882,882,GRAPHITE.NS,2023-06-14,33.0,388.04999,0.0,Buy
883,883,OLECTRA.NS,2023-06-14,14.0,917.95001,0.0,Buy
884,884,IDFCFIRSTB.NS,2023-06-14,171.0,75.25,0.0,Buy
885,885,GLAXO.NS,2023-06-19,4.0,1419.2,0.0,Sell
886,886,BATAINDIA.NS,2023-06-19,3.0,1613.95,0.0,Buy
887,887,SAREGAMA.NS,2023-06-20,18.0,340.39999,0.0,Sell
888,888,ICICIPRULI.NS,2023-06-20,10.0,552.0,0.0,Buy
889,889,DRREDDY.NS,2023-06-27,13.0,1008.32,0.0,Sell
890,890,TORNTPHARM.NS,2023-06-27,5.0,1867.75,0.0,Buy
891,891,OLECTRA.NS,2023-07-06,14.0,989.90002,0.0,Sell
892,892,TATAMOTORS.NS,2023-07-06,7.0,356.67905856,0.0,Sell
893,893,TITAN.NS,2023-07-06,2.0,3100.0,0.0,Buy
894,894,SOBHA.NS,2023-07-06,12.0,533.29369846,0.0,Buy
895,895,BBTC.NS,2023-07-11,9.0,1136.7,0.0,Sell
896,896,J&KBANK.NS,2023-07-11,142.0,69.550003,0.0,Buy
897,897,INFY.NS,2023-07-13,5.0,1334.9,0.0,Sell
898,898,WELSPUNLIV.NS,2023-07-13,75.0,99.449997,0.0,Buy
899,899,ZENSARTECH.NS,2023-07-14,68.0,410.29999,0.0,Sell
900,900,RBLBANK.NS,2023-07-14,111.0,198.89999,0.0,Buy
901,901,KEC.NS,2023-07-20,3.0,603.84998,0.0,Sell
902,902,LT.NS,2023-07-20,1.0,2494.0,0.0,Buy
903,903,TATAMOTORS.NS,2023-07-24,3.0,379.10734966,0.0,Buy
904,904,SOBHA.NS,2023-07-25,12.0,543.17493579,0.0,Sell
905,905,EIDPARRY.NS,2023-07-25,13.0,485.0,0.0,Buy
906,906,IDFCFIRSTB.NS,2023-07-28,171.0,83.0,0.0,Sell
907,907,DBREALTY.NS,2023-07-28,168.0,66.89590856,0.0,Buy
908,908,BATAINDIA.NS,2023-07-31,3.0,1715.9,0.0,Sell
909,909,NTPC.NS,2023-07-31,30.0,212.2,0.0,Buy
910,910,TITAN.NS,2023-08-02,2.0,3005.6499,0.0,Sell
911,911,CAPLIPOINT.NS,2023-08-02,7.0,900.0,0.0,Buy
912,912,TORNTPHARM.NS,2023-08-03,5.0,1967.9,0.0,Sell
913,913,JYOTHYLAB.NS,2023-08-03,36.0,303.95001,0.0,Buy
914,914,WELSPUNLIV.NS,2023-08-09,75.0,114.9,0.0,Sell
915,915,HSCL.NS,2023-08-09,50.0,152.7,0.0,Buy
916,916,DBREALTY.NS,2023-08-11,168.0,85.66838361,0.0,Sell
917,917,TRENT.NS,2023-08-11,6.0,1893.8,0.0,Buy
918,918,J&KBANK.NS,2023-08-17,142.0,79.199997,0.0,Sell
919,919,ADANIPORTS.NS,2023-08-17,13.0,778.0,0.0,Buy
920,920,HSCL.NS,2023-08-21,50.0,167.89999,0.0,Sell
921,921,WELSPUNLIV.NS,2023-08-21,69.0,115.25,0.0,Buy
922,922,GRAPHITE.NS,2023-08-28,33.0,460.39999,0.0,Sell
923,923,CHENNPETRO.NS,2023-08-28,30.0,385.54999,0.0,Buy
924,924,CAPLIPOINT.NS,2023-08-29,7.0,1025.3,0.0,Sell
925,925,ESCORTS.NS,2023-08-29,2.0,3032.05,0.0,Buy
926,926,COALINDIA.NS,2023-09-04,28.0,238.75,0.0,Sell
927,927,BBTC.NS,2023-09-04,8.0,986.0,0.0,Buy
928,928,APOLLOTYRE.NS,2023-09-05,17.0,390.35001,0.0,Sell
929,929,MARICO.NS,2023-09-05,14.0,580.0,0.0,Buy
930,930,LT.NS,2023-09-06,1.0,2740.0,0.0,Sell
931,931,CASTROLIND.NS,2023-09-06,17.0,150.60001,0.0,Buy
932,932,CHENNPETRO.NS,2023-09-07,30.0,434.10001,0.0,Sell
933,933,BBTC.NS,2023-09-07,8.0,1101.0,0.0,Sell
934,934,SOBHA.NS,2023-09-07,18.0,580.80141593,0.0,Buy
935,935,EIDPARRY.NS,2023-09-13,13.0,506.64999,0.0,Sell
936,936,LALPATHLAB.NS,2023-09-13,6.0,1105.0,0.0,Buy
937,937,BAJAJ-AUTO.NS,2023-09-15,1.0,4894.8999,0.0,Sell
938,938,ASAHIINDIA.NS,2023-09-15,10.0,576.70001,0.0,Buy
939,939,CASTROLIND.NS,2023-09-20,17.0,148.0,0.0,Sell
940,940,TRENT.NS,2023-09-22,6.0,2069.45,0.0,Sell
941,941,MCX.NS,2023-09-22,35.0,352.6,0.0,Buy
942,942,NTPC.NS,2023-09-28,30.0,239.60001,0.0,Sell
943,943,RECLTD.NS,2023-09-28,25.0,284.20001,0.0,Buy
944,944,JYOTHYLAB.NS,2023-09-29,36.0,368.04999,0.0,Sell
945,945,MGL.NS,2023-09-29,12.0,1012.95,0.0,Buy
946,946,MARICO.NS,2023-10-06,14.0,546.09998,0.0,Sell
947,947,ITI.NS,2023-10-06,45.0,195.35001,0.0,Buy
948,948,SOBHA.NS,2023-10-09,18.0,681.4633,0.0,Sell
949,949,OIL.NS,2023-10-09,54.0,199.19979413,0.0,Buy
950,950,ITI.NS,2023-10-12,45.0,230.55,0.0,Sell
951,951,LALPATHLAB.NS,2023-10-12,6.0,1247.57495,0.0,Sell
952,952,MCX.NS,2023-10-13,35.0,419.0,0.0,Sell
953,953,CHAMBLFERT.NS,2023-10-13,37.0,291.0,0.0,Buy
954,954,ITI.NS,2023-10-13,48.0,225.95,0.0,Buy
955,955,SOBHA.NS,2023-10-13,15.0,723.27595079,0.0,Buy
956,956,MGL.NS,2023-10-25,12.0,1018.95,0.0,Sell
957,957,CHAMBLFERT.NS,2023-10-25,37.0,278.25,0.0,Sell
958,958,SBIN.NS,2023-10-25,8.0,558.59998,0.0,Sell
959,959,WELSPUNLIV.NS,2023-10-26,69.0,140.3,0.0,Sell
960,960,ALKEM.NS,2023-10-26,6.0,3584.8999,0.0,Buy
961,961,SWANENERGY.NS,2023-10-26,69.0,313.0,0.0,Buy
962,962,TRENT.NS,2023-10-30,2.0,2143.2,0.0,Buy
963,963,MAHSEAMLES.NS,2023-10-30,7.0,688.79999,0.0,Buy
964,964,ALKEM.NS,2023-11-06,6.0,3809.0,0.0,Sell
965,965,TRENT.NS,2023-11-06,2.0,2196.55,0.0,Sell
966,966,TATAELXSI.NS,2023-11-06,1.0,7673.3501,0.0,Buy
967,967,JYOTHYLAB.NS,2023-11-06,22.0,367.70001,0.0,Buy
968,968,HINDPETRO.NS,2023-11-06,47.0,173.19982013,0.0,Buy
969,969,SWANENERGY.NS,2023-11-10,69.0,414.04999,0.0,Sell
970,970,INDIANB.NS,2023-11-10,46.0,417.0,0.0,Buy
971,971,MAHSEAMLES.NS,2023-11-12,7.0,805.0,0.0,Sell
972,972,MCX.NS,2023-11-12,9.0,525.98,0.0,Buy
973,973,HINDPETRO.NS,2023-11-13,47.0,199.39980727,0.0,Sell
974,974,NTPC.NS,2023-11-13,32.0,244.95,0.0,Buy
975,975,TATAMOTORS.NS,2023-11-24,3.0,411.37630628,0.0,Sell
976,976,GUJGASLTD.NS,2023-11-24,3.0,429.25,0.0,Buy
977,977,SOBHA.NS,2023-11-29,15.0,872.22435779,0.0,Sell
978,978,RECLTD.NS,2023-11-29,25.0,341.5,0.0,Sell
979,979,KIRLOSBROS.NS,2023-11-29,9.0,963.20001,0.0,Buy
980,980,ULTRACEMCO.NS,2023-11-29,1.0,8759.9004,0.0,Buy
981,981,NTPC.NS,2023-11-30,32.0,257.95001,0.0,Sell
982,982,SOBHA.NS,2023-11-30,9.0,861.564315,0.0,Buy
983,983,ADANIPORTS.NS,2023-12-01,13.0,839.20001,0.0,Sell
984,984,TRENT.NS,2023-12-01,4.0,2787.0,0.0,Buy
985,985,JYOTHYLAB.NS,2023-12-04,22.0,450.0,0.0,Sell
986,986,TATAMOTORS.NS,2023-12-04,19.0,432.26508167,0.0,Buy
987,987,RBLBANK.NS,2023-12-05,111.0,243.85001,0.0,Sell
988,988,KEC.NS,2023-12-05,43.0,607.20001,0.0,Buy
989,989,ULTRACEMCO.NS,2023-12-08,1.0,9378.2998,0.0,Sell
990,990,SONATSOFTW.NS,2023-12-08,12.0,725.0,0.0,Buy
991,991,CHAMBLFERT.NS,2023-12-11,8.0,342.0,0.0,Buy
992,992,TATAELXSI.NS,2023-12-14,1.0,8949.9004,0.0,Sell
993,993,ADANIPORTS.NS,2023-12-14,7.0,1080.0,0.0,Buy
994,994,OIL.NS,2023-12-18,54.0,215.29979137,0.0,Sell
995,995,CYIENT.NS,2023-12-19,5.0,2237.0,0.0,Buy
