,portfolio,investment,cash
2020-01-02,100000.0,0.0,100000.0
2020-01-03,100000.0,0.0,100000.0
2020-01-06,100000.0,0.0,100000.0
2020-01-07,100000.0,0.0,100000.0
2020-01-08,100000.0,0.0,100000.0
2020-01-09,100000.0,0.0,100000.0
2020-01-10,100000.0,0.0,100000.0
2020-01-13,100000.0,0.0,100000.0
2020-01-14,100000.0,0.0,100000.0
2020-01-15,100000.0,0.0,100000.0
2020-01-16,100000.0,0.0,100000.0
2020-01-17,100000.0,0.0,100000.0
2020-01-20,100000.0,0.0,100000.0
2020-01-21,100000.0,0.0,100000.0
2020-01-22,100000.0,0.0,100000.0
2020-01-23,100000.0,0.0,100000.0
2020-01-24,100000.0,0.0,100000.0
2020-01-27,100000.0,0.0,100000.0
2020-01-28,100000.0,0.0,100000.0
2020-01-29,100000.0,0.0,100000.0
2020-01-30,100000.0,0.0,100000.0
2020-01-31,100000.0,0.0,100000.0
2020-02-01,100000.0,0.0,100000.0
2020-02-03,100000.0,0.0,100000.0
2020-02-04,100000.0,0.0,100000.0
2020-02-05,100000.0,0.0,100000.0
2020-02-06,100000.0,0.0,100000.0
2020-02-07,100000.0,0.0,100000.0
2020-02-10,100000.0,0.0,100000.0
2020-02-11,100000.0,0.0,100000.0
2020-02-12,100000.0,0.0,100000.0
2020-02-13,100000.0,0.0,100000.0
2020-02-14,100000.0,0.0,100000.0
2020-02-17,100000.0,0.0,100000.0
2020-02-18,100000.0,0.0,100000.0
2020-02-19,100000.0,0.0,100000.0
2020-02-20,100000.0,0.0,100000.0
2020-02-24,100000.0,0.0,100000.0
2020-02-25,100000.0,0.0,100000.0
2020-02-26,100000.0,0.0,100000.0
2020-02-27,100000.0,0.0,100000.0
2020-02-28,100000.0,0.0,100000.0
2020-03-02,100000.0,0.0,100000.0
2020-03-03,100000.0,0.0,100000.0
2020-03-04,100000.0,0.0,100000.0
2020-03-05,100000.0,0.0,100000.0
2020-03-06,100000.0,0.0,100000.0
2020-03-09,100000.0,0.0,100000.0
2020-03-11,100000.0,0.0,100000.0
2020-03-12,100000.0,0.0,100000.0
2020-03-13,100000.0,0.0,100000.0
2020-03-16,100000.0,0.0,100000.0
2020-03-17,100000.0,0.0,100000.0
2020-03-18,100000.0,0.0,100000.0
2020-03-19,100000.0,0.0,100000.0
2020-03-20,100000.0,0.0,100000.0
2020-03-23,100000.0,0.0,100000.0
2020-03-24,100000.0,0.0,100000.0
2020-03-25,100000.0,0.0,100000.0
2020-03-26,100000.0,0.0,100000.0
2020-03-27,100000.0,0.0,100000.0
2020-03-30,100000.0,0.0,100000.0
2020-03-31,100000.0,0.0,100000.0
2020-04-01,100000.0,0.0,100000.0
2020-04-03,100000.0,0.0,100000.0
2020-04-07,100000.0,0.0,100000.0
2020-04-08,100000.0,0.0,100000.0
2020-04-09,100000.0,0.0,100000.0
2020-04-13,100000.0,0.0,100000.0
2020-04-15,100000.0,0.0,100000.0
2020-04-16,100000.0,0.0,100000.0
2020-04-17,100000.0,0.0,100000.0
2020-04-20,100000.0,0.0,100000.0
2020-04-21,100000.0,0.0,100000.0
2020-04-22,100000.0,0.0,100000.0
2020-04-23,100000.0,0.0,100000.0
2020-04-24,100000.0,0.0,100000.0
2020-04-27,100000.0,0.0,100000.0
2020-04-28,100000.0,0.0,100000.0
2020-04-29,100000.0,0.0,100000.0
2020-04-30,100000.0,0.0,100000.0
2020-05-04,100000.0,0.0,100000.0
2020-05-05,100000.0,0.0,100000.0
2020-05-06,100000.0,0.0,100000.0
2020-05-07,100000.0,0.0,100000.0
2020-05-08,100000.0,0.0,100000.0
2020-05-11,100000.0,0.0,100000.0
2020-05-12,100000.0,0.0,100000.0
2020-05-13,100000.0,0.0,100000.0
2020-05-14,100000.0,0.0,100000.0
2020-05-15,100000.0,0.0,100000.0
2020-05-18,100000.0,0.0,100000.0
2020-05-19,100000.0,0.0,100000.0
2020-05-20,100000.0,0.0,100000.0
2020-05-21,100000.0,0.0,100000.0
2020-05-22,100000.0,0.0,100000.0
2020-05-26,100000.0,0.0,100000.0
2020-05-27,100000.0,0.0,100000.0
2020-05-28,100000.0,0.0,100000.0
2020-05-29,100000.0,0.0,100000.0
2020-06-01,101381.25,51131.25,50250.0
2020-06-02,101428.75,51178.75,50250.0
2020-06-03,101403.75,51153.75,50250.0
2020-06-04,102538.75,52288.75000000001,50250.0
2020-06-05,101456.25,51206.25,50250.0
2020-06-08,102043.75,51793.75,50250.0
2020-06-09,102051.25,51801.25000000001,50250.0
2020-06-10,102968.75,52718.75,50250.0
2020-06-11,101941.2475,51691.2475,50250.0
2020-06-12,101237.5,50987.5,50250.0
2020-06-15,100997.5,50747.5,50250.0
2020-06-16,101395.0,51145.0,50250.0
2020-06-17,101445.0,51195.0,50250.0
2020-06-18,101202.5,50952.5,50250.0
2020-06-19,101365.0,51115.0,50250.0
2020-06-22,100948.75,50698.75,50250.0
2020-06-23,101132.5,50882.5,50250.0
2020-06-24,101305.0,51055.0,50250.0
2020-06-25,100652.5,50402.5,50250.0
2020-06-26,103221.2525,52971.2525,50250.0
2020-06-29,102791.2475,52541.2475,50250.0
2020-06-30,102303.7475,52053.7475,50250.0
2020-07-01,102551.25,52301.25000000001,50250.0
2020-07-02,104178.7475,53928.7475,50250.0
2020-07-03,105241.2475,54991.2475,50250.0
2020-07-06,106718.625,81397.5,25321.125
2020-07-07,106934.4975,81613.3725,25321.125
2020-07-08,105776.4975,80455.3725,25321.125
2020-07-09,105741.2525,80420.1275,25321.125
2020-07-10,105744.6275,80423.5025,25321.125
2020-07-13,105126.75,79805.625,25321.125
2020-07-14,103443.99999999999,78122.87499999999,25321.125
2020-07-15,104864.4975,79543.3725,25321.125
2020-07-16,105097.25,79776.125,25321.125
2020-07-17,105055.0,79733.875,25321.125
2020-07-20,106012.2475,80691.1225,25321.125
2020-07-21,106564.75,81243.625,25321.125
2020-07-22,105437.74999999999,80116.62499999999,25321.125
2020-07-23,105035.125,79714.0,25321.125
2020-07-24,104435.8725,79114.7475,25321.125
2020-07-27,104779.875,79458.75,25321.125
2020-07-28,107514.5,82193.375,25321.125
2020-07-29,106175.875,80854.75,25321.125
2020-07-30,105948.25,80627.125,25321.125
2020-07-31,105594.1225,80272.9975,25321.125
2020-08-03,104219.8725,78898.7475,25321.125
2020-08-04,105000.75,79679.625,25321.125
2020-08-05,104928.5,79607.375,25321.125
2020-08-06,106439.3775,81118.2525,25321.125
2020-08-07,106191.5025,80870.3775,25321.125
2020-08-10,106030.75000000001,80709.62500000001,25321.125
2020-08-11,106318.2475,80997.1225,25321.125
2020-08-12,105688.1275,80367.0025,25321.125
2020-08-13,105511.0,80189.875,25321.125
2020-08-14,104649.9975,79328.8725,25321.125
2020-08-17,104892.9975,79571.8725,25321.125
2020-08-18,105836.125,80515.0,25321.125
2020-08-19,105734.6275,80413.5025,25321.125
2020-08-20,105469.8775,80148.7525,25321.125
2020-08-21,105963.2525,80642.1275,25321.125
2020-08-24,106657.2525,81336.1275,25321.125
2020-08-25,106580.6225,81259.4975,25321.125
2020-08-26,106823.75,81502.625,25321.125
2020-08-27,106553.3725,81232.2475,25321.125
2020-08-28,106361.125,81040.0,25321.125
2020-08-31,106859.0,81537.875,25321.125
2020-09-01,106844.1275,81523.0025,25321.125
2020-09-02,107468.2475,82147.1225,25321.125
2020-09-03,108253.875,82932.75,25321.125
2020-09-04,107725.375,82404.25,25321.125
2020-09-07,108483.625,83162.5,25321.125
2020-09-08,109056.25,83735.125,25321.125
2020-09-09,108183.6225,82862.4975,25321.125
2020-09-10,108137.2475,82816.1225,25321.125
2020-09-11,108943.2525,83622.1275,25321.125
2020-09-14,111409.9975,86088.8725,25321.125
2020-09-15,111692.3725,86371.2475,25321.125
2020-09-16,112503.25,87182.125,25321.125
2020-09-17,111225.87499999999,85904.74999999999,25321.125
2020-09-18,110357.8725,85036.7475,25321.125
2020-09-21,110562.875,85241.75,25321.125
2020-09-22,111691.375,86370.25,25321.125
2020-09-23,110570.5,85249.375,25321.125
2020-09-24,106811.375,81490.25,25321.125
2020-09-25,109368.625,84047.5,25321.125
2020-09-28,109698.125,84377.0,25321.125
2020-09-29,111438.4975,86117.3725,25321.125
2020-09-30,111897.125,86576.0,25321.125
2020-10-01,113313.75,87992.625,25321.125
2020-10-05,118039.0,92717.875,25321.125
2020-10-06,118920.875,93599.75,25321.125
2020-10-07,119870.5,94549.375,25321.125
2020-10-08,122779.125,97458.0,25321.125
2020-10-09,123399.75,98078.625,25321.125
2020-10-12,123378.25,98057.125,25321.125
2020-10-13,122950.0,97628.875,25321.125
2020-10-14,122819.8775,97498.7525,25321.125
2020-10-15,120144.2525,94823.1275,25321.125
2020-10-16,121389.0,96067.875,25321.125
2020-10-19,120189.75,94868.625,25321.125
2020-10-20,121335.0,96013.875,25321.125
2020-10-21,120256.8725,94935.7475,25321.125
2020-10-22,119849.1225,94527.9975,25321.125
2020-10-23,120296.625,94975.5,25321.125
2020-10-26,119771.375,94450.25,25321.125
2020-10-27,118819.6225,93498.4975,25321.125
2020-10-28,118092.125,92771.0,25321.125
2020-10-29,117849.3725,92528.2475,25321.125
2020-10-30,118572.2525,93251.1275,25321.125
2020-11-02,117779.2525,92458.1275,25321.125
2020-11-03,119240.0025,93918.8775,25321.125
2020-11-04,119941.3725,94620.2475,25321.125
2020-11-05,121020.625,95699.5,25321.125
2020-11-06,122429.5,97108.375,25321.125
2020-11-09,123648.5025,98327.3775,25321.125
2020-11-10,122918.2525,97597.1275,25321.125
2020-11-11,123790.0,98468.875,25321.125
2020-11-12,122960.625,97639.5,25321.125
2020-11-13,122315.3775,96994.2525,25321.125
2020-11-14,122898.1275,97577.0025,25321.125
2020-11-17,123662.5,98341.375,25321.125
2020-11-18,122683.1225,97361.9975,25321.125
2020-11-19,122166.4975,96845.3725,25321.125
2020-11-20,123409.5,98088.375,25321.125
2020-11-23,124805.875,99484.75,25321.125
2020-11-24,125731.875,100410.75,25321.125
2020-11-25,124416.625,99095.5,25321.125
2020-11-26,125435.7525,100114.6275,25321.125
2020-11-27,124731.4975,99410.3725,25321.125
2020-12-01,125740.375,100419.25,25321.125
2020-12-02,125716.25,100395.125,25321.125
2020-12-03,124044.375,98723.25,25321.125
2020-12-04,124685.875,99364.75,25321.125
2020-12-07,124639.25,99318.125,25321.125
2020-12-08,126220.375,100899.25,25321.125
2020-12-09,127253.125,101932.0,25321.125
2020-12-10,126110.25,100789.125,25321.125
2020-12-11,126024.1275,100703.0025,25321.125
2020-12-14,126137.0,100815.875,25321.125
2020-12-15,125664.125,100343.0,25321.125
2020-12-16,127416.875,102095.75,25321.125
2020-12-17,128716.625,103395.5,25321.125
2020-12-18,128601.5,103280.375,25321.125
2020-12-21,126709.4975,101388.3725,25321.125
2020-12-22,128028.375,102707.25,25321.125
2020-12-23,128992.0,103670.875,25321.125
2020-12-24,129489.6275,104168.5025,25321.125
2020-12-28,130345.2475,105024.1225,25321.125
2020-12-29,130695.625,105374.5,25321.125
2020-12-30,130284.875,104963.75,25321.125
2020-12-31,129206.625,103885.5,25321.125
2021-01-01,130591.0,105269.875,25321.125
2021-01-04,133167.375,107846.25,25321.125
2021-01-05,134746.875,109425.75,25321.125
2021-01-06,133571.0,108249.875,25321.125
2021-01-07,133006.75,107685.625,25321.125
2021-01-08,135555.7475,110234.6225,25321.125
2021-01-11,137390.0,112068.875,25321.125
2021-01-12,138014.8775,112693.7525,25321.125
2021-01-13,137384.5,112063.375,25321.125
2021-01-14,139635.5,114314.375,25321.125
2021-01-15,139154.5025,113833.3775,25321.125
2021-01-18,139234.625,113913.5,25321.125
2021-01-19,140675.25,115354.125,25321.125
2021-01-20,141611.125,116290.0,25321.125
2021-01-21,140350.3775,115029.2525,25321.125
2021-01-22,140378.5025,115057.3775,25321.125
2021-01-25,140517.75,115196.625,25321.125
2021-01-27,138563.375,113242.25,25321.125
2021-01-28,136092.5,110771.375,25321.125
2021-01-29,134391.1275,109070.0025,25321.125
2021-02-01,137031.7525,111710.6275,25321.125
2021-02-02,140519.75,115198.625,25321.125
2021-02-03,140755.375,115434.25,25321.125
2021-02-04,140562.125,115241.0,25321.125
2021-02-05,140215.875,114894.75,25321.125
2021-02-08,141791.7525,116470.6275,25321.125
2021-02-09,141010.2475,115689.1225,25321.125
2021-02-10,141243.0,115921.875,25321.125
2021-02-11,140849.0,115527.875,25321.125
2021-02-12,140685.0,115363.875,25321.125
2021-02-15,140190.8775,114869.7525,25321.125
2021-02-16,139640.75,114319.625,25321.125
2021-02-17,137844.8775,112523.7525,25321.125
2021-02-18,136726.6275,111405.5025,25321.125
2021-02-19,136747.1275,111426.0025,25321.125
2021-02-22,134112.375,108791.25,25321.125
2021-02-23,134232.0,108910.875,25321.125
2021-02-24,135248.6275,109927.5025,25321.125
2021-02-25,136347.625,111026.5,25321.125
2021-02-26,132202.625,106881.5,25321.125
2021-03-01,133501.375,108180.25,25321.125
2021-03-02,135764.3775,110443.2525,25321.125
2021-03-03,137502.7525,112181.6275,25321.125
2021-03-04,136484.75,111163.625,25321.125
2021-03-05,134947.375,109626.25,25321.125
2021-03-08,134683.625,109362.5,25321.125
2021-03-09,136751.125,111430.0,25321.125
2021-03-10,137099.25,111778.125,25321.125
2021-03-12,136688.75,111367.625,25321.125
2021-03-15,136369.4975,111048.3725,25321.125
2021-03-16,137095.75,111774.625,25321.125
2021-03-17,136790.25,111469.125,25321.125
2021-03-18,134781.125,109460.0,25321.125
2021-03-19,135269.875,109948.75,25321.125
2021-03-22,136618.2475,111297.1225,25321.125
2021-03-23,137639.5025,112318.3775,25321.125
2021-03-24,136621.6275,111300.5025,25321.125
2021-03-25,134867.7525,109546.6275,25321.125
2021-03-26,135545.375,110224.25,25321.125
2021-03-30,139243.125,113922.0,25321.125
2021-03-31,138374.5025,113053.3775,25321.125
2021-04-01,137898.0,112576.875,25321.125
2021-04-05,138909.6225,113588.4975,25321.125
2021-04-06,139344.25,114023.125,25321.125
2021-04-07,139668.1225,114346.9975,25321.125
2021-04-08,140492.8775,115171.7525,25321.125
2021-04-09,140366.75,115045.625,25321.125
2021-04-12,137243.5,111922.375,25321.125
2021-04-13,134430.25,109109.125,25321.125
2021-04-15,137972.125,112651.0,25321.125
2021-04-16,137344.4975,112023.3725,25321.125
2021-04-19,136145.125,110824.0,25321.125
2021-04-20,135241.375,109920.25,25321.125
2021-04-22,135297.375,109976.25,25321.125
2021-04-23,134877.0,109555.875,25321.125
2021-04-26,134449.125,109128.0,25321.125
2021-04-27,135991.875,110670.75,25321.125
2021-04-28,136651.6275,111330.5025,25321.125
2021-04-29,136333.625,111012.5,25321.125
2021-04-30,132989.1225,107667.9975,25321.125
2021-05-03,133071.25,107750.125,25321.125
2021-05-04,132802.75,107481.625,25321.125
2021-05-05,134272.125,108951.0,25321.125
2021-05-06,134627.625,109306.5,25321.125
2021-05-07,135475.4975,110154.3725,25321.125
2021-05-10,135905.25,110584.125,25321.125
2021-05-11,134966.0025,109644.8775,25321.125
2021-05-12,133999.8775,108678.7525,25321.125
2021-05-14,132812.75,107491.625,25321.125
2021-05-17,134470.5,109149.375,25321.125
2021-05-18,135766.875,110445.75,25321.125
2021-05-19,135180.625,109859.5,25321.125
2021-05-20,134059.125,108738.0,25321.125
2021-05-21,136022.875,110701.75,25321.125
2021-05-24,136332.5,111011.375,25321.125
2021-05-25,136447.5,111126.375,25321.125
2021-05-26,137517.25,112196.125,25321.125
2021-05-27,138180.75,112859.625,25321.125
2021-05-28,137738.7525,112417.6275,25321.125
2021-05-31,138406.4975,113085.3725,25321.125
2021-06-01,138159.375,112838.25,25321.125
2021-06-02,137397.375,112076.25,25321.125
2021-06-03,138064.75,112743.625,25321.125
2021-06-04,137686.25,112365.125,25321.125
2021-06-07,138647.75,113326.625,25321.125
2021-06-08,138693.4975,113372.3725,25321.125
2021-06-09,138634.125,113313.0,25321.125
2021-06-10,139064.75,113743.625,25321.125
2021-06-11,140609.0,115287.875,25321.125
2021-06-14,140517.5025,115196.3775,25321.125
2021-06-15,140420.5,115099.375,25321.125
2021-06-16,140583.3775,115262.2525,25321.125
2021-06-17,141252.125,115931.0,25321.125
2021-06-18,141049.125,115728.0,25321.125
2021-06-21,140644.3775,115323.2525,25321.125
2021-06-22,141236.625,115915.5,25321.125
2021-06-23,140279.8725,114958.7475,25321.125
2021-06-24,143551.7525,118230.6275,25321.125
2021-06-25,143930.875,118609.75,25321.125
2021-06-28,142677.75,117356.625,25321.125
2021-06-29,142638.5025,117317.3775,25321.125
2021-06-30,142667.625,117346.5,25321.125
2021-07-01,142310.5,116989.375,25321.125
2021-07-02,141766.375,116445.25,25321.125
2021-07-05,141993.75,116672.625,25321.125
2021-07-06,141409.375,116088.25,25321.125
2021-07-07,141833.625,116512.5,25321.125
2021-07-08,140993.75,115672.625,25321.125
2021-07-09,139319.8725,113998.7475,25321.125
2021-07-12,138606.1275,113285.0025,25321.125
2021-07-13,138801.5,113480.375,25321.125
2021-07-14,139415.75,114094.625,25321.125
2021-07-15,139610.625,114289.5,25321.125
2021-07-16,139444.0,114122.875,25321.125
2021-07-19,138033.6275,112712.5025,25321.125
2021-07-20,137937.0,112615.875,25321.125
2021-07-22,138325.6275,113004.5025,25321.125
2021-07-23,138104.2525,112783.1275,25321.125
2021-07-26,137537.25,112216.125,25321.125
2021-07-27,137289.25,111968.125,25321.125
2021-07-28,137155.375,111834.25,25321.125
2021-07-29,137126.75,111805.625,25321.125
2021-07-30,136602.5,111281.375,25321.125
2021-08-02,137815.7475,112494.6225,25321.125
2021-08-03,139724.3725,114403.2475,25321.125
2021-08-04,140139.125,114818.0,25321.125
2021-08-05,140829.0,115507.875,25321.125
2021-08-06,141650.75,116329.625,25321.125
2021-08-09,142226.375,116905.25,25321.125
2021-08-10,142590.7475,117269.6225,25321.125
2021-08-11,142562.5,117241.375,25321.125
2021-08-12,142896.375,117575.25,25321.125
2021-08-13,146245.6225,120924.4975,25321.125
2021-08-16,146583.375,121262.25,25321.125
2021-08-17,148227.0,122905.875,25321.125
2021-08-18,148377.375,123056.25,25321.125
2021-08-20,148390.5,123069.375,25321.125
2021-08-23,150559.6225,125238.4975,25321.125
2021-08-24,150725.25,125404.125,25321.125
2021-08-25,151837.625,126516.5,25321.125
2021-08-26,152100.3775,126779.2525,25321.125
2021-08-27,153164.9975,127843.8725,25321.125
2021-08-30,153139.25,127818.125,25321.125
2021-08-31,155563.875,130242.75,25321.125
2021-09-01,153724.625,128403.5,25321.125
2021-09-02,156992.375,131671.25,25321.125
2021-09-03,156833.5,131512.375,25321.125
2021-09-06,156849.375,131528.25,25321.125
2021-09-07,156026.7475,130705.6225,25321.125
2021-09-08,155143.8725,129822.7475,25321.125
2021-09-09,155399.6225,130078.4975,25321.125
2021-09-13,156454.7525,131133.6275,25321.125
2021-09-14,157310.9975,131989.8725,25321.125
2021-09-15,158987.875,133666.75,25321.125
2021-09-16,158002.5,132681.375,25321.125
2021-09-17,156615.7525,131294.6275,25321.125
2021-09-20,156005.25,130684.125,25321.125
2021-09-21,156813.75,131492.625,25321.125
2021-09-22,156383.1225,131061.9975,25321.125
2021-09-23,157377.375,132056.25,25321.125
2021-09-24,158138.5,132817.375,25321.125
2021-09-27,157809.625,132488.5,25321.125
2021-09-28,156138.4975,130817.3725,25321.125
2021-09-29,155980.2475,130659.1225,25321.125
2021-09-30,155596.25,130275.125,25321.125
2021-10-01,154186.875,128865.75,25321.125
2021-10-04,155333.0,130011.875,25321.125
2021-10-05,157051.25,131730.125,25321.125
2021-10-06,156928.8725,131607.7475,25321.125
2021-10-07,158879.8725,133558.7475,25321.125
2021-10-08,159771.9975,134450.8725,25321.125
2021-10-11,154221.6275,128900.5025,25321.125
2021-10-12,153308.3775,127987.2525,25321.125
2021-10-13,153587.625,128266.5,25321.125
2021-10-14,153573.875,128252.75,25321.125
2021-10-18,154081.6225,128760.4975,25321.125
2021-10-19,154170.6225,128849.4975,25321.125
2021-10-20,153204.0025,127882.8775,25321.125
2021-10-21,151350.375,126029.25,25321.125
2021-10-22,150609.2525,125288.1275,25321.125
2021-10-25,149927.375,124606.25,25321.125
2021-10-26,149573.0025,124251.8775,25321.125
2021-10-27,149527.875,124206.75,25321.125
2021-10-28,146718.3725,121397.2475,25321.125
2021-10-29,145879.0,120557.875,25321.125
2021-11-01,148350.3725,123029.2475,25321.125
2021-11-02,148578.0,123256.875,25321.125
2021-11-03,148210.0,122888.875,25321.125
2021-11-04,148901.2475,123580.1225,25321.125
2021-11-08,148895.5,123574.375,25321.125
2021-11-09,148339.25,123018.125,25321.125
2021-11-10,147421.75,122100.625,25321.125
2021-11-11,147362.875,122041.75,25321.125
2021-11-12,148414.875,123093.75,25321.125
2021-11-15,149191.75,123870.625,25321.125
2021-11-16,149061.1225,123739.9975,25321.125
2021-11-17,147811.6225,122490.4975,25321.125
2021-11-18,146850.125,121529.0,25321.125
2021-11-22,145876.4975,120555.3725,25321.125
2021-11-23,146027.25,120706.125,25321.125
2021-11-24,145559.75,120238.625,25321.125
2021-11-25,145802.4975,120481.3725,25321.125
2021-11-26,145015.1275,119694.0025,25321.125
2021-11-29,146649.25,121328.125,25321.125
2021-11-30,147154.7475,121833.6225,25321.125
2021-12-01,148620.75,123299.625,25321.125
2021-12-02,150722.9975,125401.8725,25321.125
2021-12-03,150387.25,125066.125,25321.125
2021-12-06,147566.6225,122245.4975,25321.125
2021-12-07,149261.875,123940.75,25321.125
2021-12-08,150954.1225,125632.9975,25321.125
2021-12-09,149719.0,124397.875,25321.125
2021-12-10,150498.5,125177.375,25321.125
2021-12-13,149563.2475,124242.1225,25321.125
2021-12-14,149721.25,124400.125,25321.125
2021-12-15,148329.8775,123008.7525,25321.125
2021-12-16,148613.3775,123292.2525,25321.125
2021-12-17,148073.5025,122752.3775,25321.125
2021-12-20,146320.7475,120999.6225,25321.125
2021-12-21,147969.125,122648.0,25321.125
2021-12-22,148606.875,123285.75,25321.125
2021-12-23,149380.875,124059.75,25321.125
2021-12-24,149468.8725,124147.7475,25321.125
2021-12-27,150366.6275,125045.5025,25321.125
2021-12-28,150852.875,125531.75,25321.125
2021-12-29,150400.25,125079.125,25321.125
2021-12-30,151548.625,126227.5,25321.125
2021-12-31,152066.3775,126745.2525,25321.125
2022-01-03,154957.0,129635.875,25321.125
2022-01-04,156832.25,131511.125,25321.125
2022-01-05,157054.0,131732.875,25321.125
2022-01-06,155151.75,129830.625,25321.125
2022-01-07,156546.0,131224.875,25321.125
2022-01-10,157398.2525,132077.1275,25321.125
2022-01-11,158451.3725,133130.2475,25321.125
2022-01-12,156843.2475,131522.1225,25321.125
2022-01-13,157148.6225,131827.4975,25321.125
2022-01-14,159290.7475,133969.6225,25321.125
2022-01-17,160033.6225,134712.4975,25321.125
2022-01-18,159494.2525,134173.1275,25321.125
2022-01-19,157352.4975,132031.3725,25321.125
2022-01-20,154937.375,129616.25,25321.125
2022-01-21,155394.625,130073.5,25321.125
2022-01-24,153054.5025,127733.3775,25321.125
2022-01-25,153049.7475,127728.6225,25321.125
2022-01-27,149738.75,124417.625,25321.125
2022-01-28,150495.5,125174.375,25321.125
2022-01-31,152155.625,126834.5,25321.125
2022-02-01,154019.8725,128698.7475,25321.125
2022-02-02,156178.125,130857.0,25321.125
2022-02-03,155691.5,34095.375,121596.125
2022-02-04,155886.125,34290.0,121596.125
2022-02-07,154629.5,33033.375,121596.125
2022-02-08,154487.75,32891.625,121596.125
2022-02-09,155292.125,33696.0,121596.125
2022-02-10,155910.875,34314.75,121596.125
2022-02-11,155770.25,34174.125,121596.125
2022-02-14,154754.375,33158.25,121596.125
2022-02-15,155746.625,34150.5,121596.125
2022-02-16,155700.5,34104.375,121596.125
2022-02-17,155492.375,33896.25,121596.125
2022-02-18,155624.0,34027.875,121596.125
2022-02-21,155843.375,34247.25,121596.125
2022-02-22,155586.875,33990.75,121596.125
2022-02-23,155366.375,33770.25,121596.125
2022-02-24,153532.625,31936.500000000004,121596.125
2022-02-25,154358.375,32762.249999999996,121596.125
2022-02-28,153686.75,32090.625,121596.125
2022-03-02,152516.75,30920.625,121596.125
2022-03-03,152443.625,30847.5,121596.125
2022-03-04,152342.375,30746.25,121596.125
2022-03-07,151404.125,29808.0,121596.125
2022-03-08,151471.625,29875.5,121596.125
2022-03-09,152447.0,30850.875000000004,121596.125
2022-03-10,152931.875,31335.75,121596.125
2022-03-11,153024.125,31428.0,121596.125
2022-03-14,154053.5,32457.375,121596.125
2022-03-15,153636.125,32040.0,121596.125
2022-03-16,154179.5,32583.375000000004,121596.125
2022-03-17,154897.25,33301.125,121596.125
2022-03-21,155042.375,33446.25,121596.125
2022-03-22,155214.5,33618.375,121596.125
2022-03-23,154879.25,33283.125,121596.125
2022-03-24,154055.75,32459.625000000004,121596.125
2022-03-25,153791.375,32195.250000000004,121596.125
2022-03-28,153834.125,32238.0,121596.125
2022-03-29,154261.625,32665.5,121596.125
2022-03-30,154827.5,33231.375,121596.125
2022-03-31,154679.0,33082.875,121596.125
2022-04-01,155481.125,33885.0,121596.125
2022-04-04,158874.125,37278.0,121596.125
2022-04-05,157781.75,36185.625,121596.125
2022-04-06,156490.25,34894.125,121596.125
2022-04-07,155723.0,34126.875,121596.125
2022-04-08,155675.75,34079.625,121596.125
2022-04-11,155259.5,33663.375,121596.125
2022-04-12,155199.875,33603.75,121596.125
2022-04-13,154557.5,32961.375,121596.125
2022-04-18,152993.75,31397.625,121596.125
2022-04-19,151795.625,30199.5,121596.125
2022-04-20,152067.875,30471.75,121596.125
2022-04-21,152519.0,30922.874999999996,121596.125
2022-04-22,152097.125,30500.999999999996,121596.125
2022-04-25,152325.5,30729.375,121596.125
2022-04-26,152467.25,30871.125,121596.125
2022-04-27,152478.5,30882.375,121596.125
2022-04-28,152451.5,30855.374999999996,121596.125
2022-04-29,152749.625,31153.499999999996,121596.125
2022-05-02,153179.375,31583.25,121596.125
2022-05-04,152106.125,30510.0,121596.125
2022-05-05,152037.5,30441.375,121596.125
2022-05-06,151242.125,29645.999999999996,121596.125
2022-05-09,151292.75,29696.624999999996,121596.125
2022-05-10,151769.75,30173.625,121596.125
2022-05-11,151939.625,30343.499999999996,121596.125
2022-05-12,150914.75,29318.625,121596.125
2022-05-13,150651.5,29055.374999999996,121596.125
2022-05-16,150960.875,29364.749999999996,121596.125
2022-05-17,151161.125,29565.0,121596.125
2022-05-18,151158.875,29562.750000000004,121596.125
2022-05-19,150554.75,28958.625,121596.125
2022-05-20,151317.5,29721.375,121596.125
2022-05-23,150936.125,29340.0,121596.125
2022-05-24,151272.5,29676.375,121596.125
2022-05-25,151494.125,29898.0,121596.125
2022-05-26,152346.875,30750.75,121596.125
2022-05-27,152917.25,31321.125,121596.125
2022-05-30,153131.0,31534.875,121596.125
2022-05-31,152847.5,31251.375,121596.125
2022-06-01,152980.25,31384.124999999996,121596.125
2022-06-02,152760.875,31164.749999999996,121596.125
2022-06-03,152652.875,31056.75,121596.125
2022-06-06,152611.25,31015.125,121596.125
2022-06-07,152241.125,0.0,152241.125
2022-06-08,152241.125,0.0,152241.125
2022-06-09,152241.125,0.0,152241.125
2022-06-10,152241.125,0.0,152241.125
2022-06-13,152241.125,0.0,152241.125
2022-06-14,152241.125,0.0,152241.125
2022-06-15,152241.125,0.0,152241.125
2022-06-16,152241.125,0.0,152241.125
2022-06-17,152241.125,0.0,152241.125
2022-06-20,152241.125,0.0,152241.125
2022-06-21,152241.125,0.0,152241.125
2022-06-22,152241.125,0.0,152241.125
2022-06-23,152241.125,0.0,152241.125
2022-06-24,152241.125,0.0,152241.125
2022-06-27,152241.125,0.0,152241.125
2022-06-28,152241.125,0.0,152241.125
2022-06-29,152241.125,0.0,152241.125
2022-06-30,152241.125,0.0,152241.125
2022-07-01,152241.125,0.0,152241.125
2022-07-04,152241.125,0.0,152241.125
2022-07-05,152241.125,0.0,152241.125
2022-07-06,152241.125,0.0,152241.125
2022-07-07,152241.125,0.0,152241.125
2022-07-08,152241.125,0.0,152241.125
2022-07-11,152241.125,0.0,152241.125
2022-07-12,152241.125,0.0,152241.125
2022-07-13,152241.125,0.0,152241.125
2022-07-14,152241.125,0.0,152241.125
2022-07-15,152241.125,0.0,152241.125
2022-07-18,152241.125,0.0,152241.125
2022-07-19,152241.125,0.0,152241.125
2022-07-20,152241.125,0.0,152241.125
2022-07-21,152241.125,0.0,152241.125
2022-07-22,152241.125,0.0,152241.125
2022-07-25,152241.125,0.0,152241.125
2022-07-26,152241.125,0.0,152241.125
2022-07-27,152241.125,0.0,152241.125
2022-07-28,152241.125,0.0,152241.125
2022-07-29,152241.125,0.0,152241.125
2022-08-01,152241.125,0.0,152241.125
2022-08-02,152241.125,0.0,152241.125
2022-08-03,152241.125,0.0,152241.125
2022-08-04,152241.125,0.0,152241.125
2022-08-05,152241.125,0.0,152241.125
2022-08-08,152241.125,0.0,152241.125
2022-08-10,152241.125,0.0,152241.125
2022-08-11,152241.125,0.0,152241.125
2022-08-12,152241.125,0.0,152241.125
2022-08-16,152241.125,0.0,152241.125
2022-08-17,152241.125,0.0,152241.125
2022-08-18,152241.125,0.0,152241.125
2022-08-19,152241.125,0.0,152241.125
2022-08-22,152241.125,0.0,152241.125
2022-08-23,152241.125,0.0,152241.125
2022-08-24,152241.125,0.0,152241.125
2022-08-25,152241.125,0.0,152241.125
2022-08-26,152241.125,0.0,152241.125
2022-08-29,152241.125,0.0,152241.125
2022-08-30,152241.125,0.0,152241.125
2022-09-01,152241.125,0.0,152241.125
2022-09-02,152241.125,0.0,152241.125
2022-09-05,152241.125,0.0,152241.125
2022-09-06,152241.125,0.0,152241.125
2022-09-07,152241.125,0.0,152241.125
2022-09-08,152241.125,0.0,152241.125
2022-09-09,152241.125,0.0,152241.125
2022-09-12,152241.125,0.0,152241.125
2022-09-13,152241.125,0.0,152241.125
2022-09-14,152241.125,0.0,152241.125
2022-09-15,152241.125,0.0,152241.125
2022-09-16,152241.125,0.0,152241.125
2022-09-19,152241.125,0.0,152241.125
2022-09-20,152241.125,0.0,152241.125
2022-09-21,152241.125,0.0,152241.125
2022-09-22,152241.125,0.0,152241.125
2022-09-23,152241.125,0.0,152241.125
2022-09-26,152241.125,0.0,152241.125
2022-09-27,152241.125,0.0,152241.125
2022-09-28,152241.125,0.0,152241.125
2022-09-29,152241.125,0.0,152241.125
2022-09-30,152241.125,0.0,152241.125
2022-10-03,152241.125,0.0,152241.125
2022-10-04,152241.125,0.0,152241.125
2022-10-06,152241.125,0.0,152241.125
2022-10-07,152241.125,0.0,152241.125
2022-10-10,152241.125,0.0,152241.125
2022-10-11,152241.125,0.0,152241.125
2022-10-12,152241.125,0.0,152241.125
2022-10-13,152241.125,0.0,152241.125
2022-10-14,152241.125,0.0,152241.125
2022-10-17,152241.125,0.0,152241.125
2022-10-18,152241.125,0.0,152241.125
2022-10-19,152241.125,0.0,152241.125
2022-10-20,152241.125,0.0,152241.125
2022-10-21,152241.125,0.0,152241.125
2022-10-24,152241.125,0.0,152241.125
2022-10-25,152241.125,0.0,152241.125
2022-10-27,152241.125,0.0,152241.125
2022-10-28,152241.125,0.0,152241.125
2022-10-31,152241.125,0.0,152241.125
2022-11-01,152241.125,0.0,152241.125
2022-11-02,152241.125,0.0,152241.125
2022-11-03,152241.125,0.0,152241.125
2022-11-04,152241.125,0.0,152241.125
2022-11-07,152241.125,0.0,152241.125
2022-11-09,152241.125,0.0,152241.125
2022-11-10,152241.125,0.0,152241.125
2022-11-11,152241.125,0.0,152241.125
2022-11-14,152241.125,0.0,152241.125
2022-11-15,152241.125,0.0,152241.125
2022-11-16,152241.125,0.0,152241.125
2022-11-17,152241.125,0.0,152241.125
2022-11-18,152241.125,0.0,152241.125
2022-11-21,152241.125,0.0,152241.125
2022-11-22,152241.125,0.0,152241.125
2022-11-23,152241.125,0.0,152241.125
2022-11-24,152241.125,0.0,152241.125
2022-11-25,152241.125,0.0,152241.125
2022-11-28,152241.125,0.0,152241.125
2022-11-29,152241.125,0.0,152241.125
2022-11-30,152241.125,0.0,152241.125
2022-12-01,152241.125,0.0,152241.125
2022-12-02,152241.125,0.0,152241.125
2022-12-05,152241.125,0.0,152241.125
2022-12-06,152241.125,0.0,152241.125
2022-12-07,152241.125,0.0,152241.125
2022-12-08,152241.125,0.0,152241.125
2022-12-09,152241.125,0.0,152241.125
2022-12-12,152241.125,0.0,152241.125
2022-12-13,152241.125,0.0,152241.125
2022-12-14,152241.125,0.0,152241.125
2022-12-15,152241.125,0.0,152241.125
2022-12-16,152241.125,0.0,152241.125
2022-12-19,152241.125,0.0,152241.125
2022-12-20,152241.125,0.0,152241.125
2022-12-21,152241.125,0.0,152241.125
2022-12-22,152241.125,0.0,152241.125
2022-12-23,152241.125,0.0,152241.125
2022-12-26,152241.125,0.0,152241.125
2022-12-27,152241.125,0.0,152241.125
2022-12-28,152241.125,0.0,152241.125
2022-12-29,152241.125,0.0,152241.125
2022-12-30,152241.125,0.0,152241.125
2023-01-02,152241.125,0.0,152241.125
2023-01-03,152241.125,0.0,152241.125
2023-01-04,152241.125,0.0,152241.125
2023-01-05,152241.125,0.0,152241.125
2023-01-06,152241.125,0.0,152241.125
2023-01-09,152241.125,0.0,152241.125
2023-01-10,152241.125,0.0,152241.125
2023-01-11,152241.125,0.0,152241.125
2023-01-12,152241.125,0.0,152241.125
2023-01-13,152241.125,0.0,152241.125
2023-01-16,152241.125,0.0,152241.125
2023-01-17,152241.125,0.0,152241.125
2023-01-18,152241.125,0.0,152241.125
2023-01-19,152241.125,0.0,152241.125
2023-01-20,152241.125,0.0,152241.125
2023-01-23,152241.125,0.0,152241.125
2023-01-24,152241.125,0.0,152241.125
2023-01-25,152241.125,0.0,152241.125
2023-01-27,152241.125,0.0,152241.125
2023-01-30,152241.125,0.0,152241.125
2023-01-31,152241.125,0.0,152241.125
2023-02-01,152241.125,0.0,152241.125
2023-02-02,152241.125,0.0,152241.125
2023-02-03,152241.125,0.0,152241.125
2023-02-06,152241.125,0.0,152241.125
2023-02-07,152241.125,0.0,152241.125
2023-02-08,152241.125,0.0,152241.125
2023-02-09,152241.125,0.0,152241.125
2023-02-10,152241.125,0.0,152241.125
2023-02-13,152241.125,0.0,152241.125
2023-02-14,152241.125,0.0,152241.125
2023-02-15,152241.125,0.0,152241.125
2023-02-16,152241.125,0.0,152241.125
2023-02-17,152241.125,0.0,152241.125
2023-02-20,152241.125,0.0,152241.125
2023-02-21,152241.125,0.0,152241.125
2023-02-22,152241.125,0.0,152241.125
2023-02-23,152241.125,0.0,152241.125
2023-02-24,152241.125,0.0,152241.125
2023-02-27,152241.125,0.0,152241.125
2023-02-28,152241.125,0.0,152241.125
2023-03-01,152241.125,0.0,152241.125
2023-03-02,152241.125,0.0,152241.125
2023-03-03,152241.125,0.0,152241.125
2023-03-06,152241.125,0.0,152241.125
2023-03-08,152241.125,0.0,152241.125
2023-03-09,152241.125,0.0,152241.125
2023-03-10,152241.125,0.0,152241.125
2023-03-13,152241.125,0.0,152241.125
2023-03-14,152241.125,0.0,152241.125
2023-03-15,152241.125,0.0,152241.125
2023-03-16,152241.125,0.0,152241.125
2023-03-17,152241.125,0.0,152241.125
2023-03-20,152241.125,0.0,152241.125
2023-03-21,152241.125,0.0,152241.125
2023-03-22,152241.125,0.0,152241.125
2023-03-23,152241.125,0.0,152241.125
2023-03-24,152241.125,0.0,152241.125
2023-03-27,152241.125,0.0,152241.125
2023-03-28,152241.125,0.0,152241.125
2023-03-29,152241.125,0.0,152241.125
2023-03-31,152241.125,0.0,152241.125
2023-04-03,152241.125,0.0,152241.125
2023-04-05,152241.125,0.0,152241.125
2023-04-06,152241.125,0.0,152241.125
2023-04-10,152241.125,0.0,152241.125
2023-04-11,152241.125,0.0,152241.125
2023-04-12,152241.125,0.0,152241.125
2023-04-13,152241.125,0.0,152241.125
2023-04-17,152241.125,0.0,152241.125
2023-04-18,152241.125,0.0,152241.125
2023-04-19,152241.125,0.0,152241.125
2023-04-20,152241.125,0.0,152241.125
2023-04-21,152241.125,0.0,152241.125
2023-04-24,152241.125,0.0,152241.125
2023-04-25,152241.125,0.0,152241.125
2023-04-26,152241.125,0.0,152241.125
2023-04-27,152241.125,0.0,152241.125
2023-04-28,152241.125,0.0,152241.125
2023-05-02,152241.125,0.0,152241.125
2023-05-03,152241.125,0.0,152241.125
2023-05-04,152241.125,0.0,152241.125
2023-05-05,152241.125,0.0,152241.125
2023-05-08,152241.125,0.0,152241.125
2023-05-09,152241.125,0.0,152241.125
2023-05-10,152241.125,0.0,152241.125
2023-05-11,152241.125,0.0,152241.125
2023-05-12,152241.125,0.0,152241.125
2023-05-15,152241.125,0.0,152241.125
2023-05-16,152241.125,0.0,152241.125
2023-05-17,152241.125,0.0,152241.125
2023-05-18,152241.125,0.0,152241.125
2023-05-19,152241.125,0.0,152241.125
2023-05-22,152241.125,0.0,152241.125
2023-05-23,152241.125,0.0,152241.125
2023-05-24,152241.125,0.0,152241.125
2023-05-25,152241.125,0.0,152241.125
2023-05-26,152241.125,0.0,152241.125
2023-05-29,152241.125,0.0,152241.125
2023-05-30,152241.125,0.0,152241.125
2023-05-31,152241.125,0.0,152241.125
2023-06-01,152241.125,0.0,152241.125
2023-06-02,152241.125,0.0,152241.125
2023-06-05,152241.125,0.0,152241.125
2023-06-06,152241.125,0.0,152241.125
2023-06-07,152241.125,0.0,152241.125
2023-06-08,152241.125,0.0,152241.125
2023-06-09,152241.125,0.0,152241.125
2023-06-12,152241.125,0.0,152241.125
2023-06-13,152241.125,0.0,152241.125
2023-06-14,152241.125,0.0,152241.125
2023-06-15,152241.125,0.0,152241.125
2023-06-16,152241.125,0.0,152241.125
2023-06-19,152241.125,0.0,152241.125
2023-06-20,152241.125,0.0,152241.125
2023-06-21,152241.125,0.0,152241.125
2023-06-22,152241.125,0.0,152241.125
2023-06-23,152241.125,0.0,152241.125
2023-06-26,152241.125,0.0,152241.125
2023-06-27,152241.125,0.0,152241.125
2023-06-28,152241.125,0.0,152241.125
2023-06-30,152241.125,0.0,152241.125
2023-07-03,152241.125,0.0,152241.125
2023-07-04,152241.125,0.0,152241.125
2023-07-05,152241.125,0.0,152241.125
2023-07-06,152241.125,0.0,152241.125
2023-07-07,152241.125,0.0,152241.125
2023-07-10,152241.125,0.0,152241.125
2023-07-11,152241.125,0.0,152241.125
2023-07-12,152241.125,0.0,152241.125
2023-07-13,152241.125,0.0,152241.125
2023-07-14,152241.125,0.0,152241.125
2023-07-17,152241.125,0.0,152241.125
2023-07-18,152241.125,0.0,152241.125
2023-07-19,152241.125,0.0,152241.125
2023-07-20,152241.125,0.0,152241.125
2023-07-21,152241.125,0.0,152241.125
2023-07-24,152241.125,0.0,152241.125
2023-07-25,152241.125,0.0,152241.125
2023-07-26,152241.125,0.0,152241.125
2023-07-27,152241.125,0.0,152241.125
2023-07-28,152241.125,0.0,152241.125
2023-07-31,152241.125,0.0,152241.125
2023-08-01,152241.125,0.0,152241.125
2023-08-02,152241.125,0.0,152241.125
2023-08-03,152241.125,0.0,152241.125
2023-08-04,152241.125,0.0,152241.125
2023-08-07,152241.125,0.0,152241.125
2023-08-08,152241.125,0.0,152241.125
2023-08-09,152241.125,0.0,152241.125
2023-08-10,152241.125,0.0,152241.125
2023-08-11,152241.125,0.0,152241.125
2023-08-14,152241.125,0.0,152241.125
2023-08-16,152241.125,0.0,152241.125
2023-08-17,152241.125,0.0,152241.125
2023-08-18,152241.125,0.0,152241.125
2023-08-21,152241.125,0.0,152241.125
2023-08-22,152241.125,0.0,152241.125
2023-08-23,152241.125,0.0,152241.125
2023-08-24,152241.125,0.0,152241.125
2023-08-25,152241.125,0.0,152241.125
2023-08-28,152241.125,0.0,152241.125
2023-08-29,152241.125,0.0,152241.125
2023-08-30,152241.125,0.0,152241.125
2023-08-31,152241.125,0.0,152241.125
2023-09-01,152241.125,0.0,152241.125
2023-09-04,152241.125,0.0,152241.125
2023-09-05,152241.125,0.0,152241.125
2023-09-06,152241.125,0.0,152241.125
2023-09-07,152241.125,0.0,152241.125
2023-09-08,152241.125,0.0,152241.125
2023-09-11,152241.125,0.0,152241.125
2023-09-12,152241.125,0.0,152241.125
2023-09-13,152241.125,0.0,152241.125
2023-09-14,152241.125,0.0,152241.125
2023-09-15,152241.125,0.0,152241.125
2023-09-18,152241.125,0.0,152241.125
2023-09-20,152241.125,0.0,152241.125
2023-09-21,152241.125,0.0,152241.125
2023-09-22,152241.125,0.0,152241.125
2023-09-25,152241.125,0.0,152241.125
2023-09-26,152241.125,0.0,152241.125
2023-09-27,152241.125,0.0,152241.125
2023-09-28,152241.125,0.0,152241.125
2023-09-29,152241.125,0.0,152241.125
2023-10-03,152241.125,0.0,152241.125
2023-10-04,154229.57284999997,150522.64784999998,3706.9249999999884
2023-10-05,155158.60355,151451.67855,3706.9249999999884
2023-10-06,155634.19859999997,151927.2736,3706.9249999999884
2023-10-09,154850.5764,151143.6514,3706.9249999999884
2023-10-10,155224.59644999998,151517.67145,3706.9249999999884
2023-10-11,156240.6986,152533.77360000001,3706.9249999999884
2023-10-12,155734.69785,152027.77285,3706.9249999999884
2023-10-13,155656.4014,151949.4764,3706.9249999999884
2023-10-16,154682.3,150975.375,3706.9249999999884
2023-10-17,155073.7,151366.77500000002,3706.9249999999884
2023-10-18,153406.05,149699.125,3706.9249999999884
2023-10-19,152419.07145,148712.14645,3706.9249999999884
2023-10-20,153075.07715,149368.15215,3706.9249999999884
2023-10-23,150560.49859999996,146853.57359999997,3706.9249999999884
2023-10-25,149847.00139999998,146140.0764,3706.9249999999884
2023-10-26,147315.07499999998,143608.15,3706.9249999999884
2023-10-27,148551.44999999998,144844.525,3706.9249999999884
2023-10-30,150476.225,146769.30000000002,3706.9249999999884
2023-10-31,149522.02284999998,145815.09785,3706.9249999999884
2023-11-01,149125.87144999998,145418.94645,3706.9249999999884
2023-11-02,150103.75139999998,146396.8264,3706.9249999999884
2023-11-03,150198.69859999997,146491.7736,3706.9249999999884
2023-11-06,151384.675,147677.75,3706.9249999999884
2023-11-07,150677.8,146970.875,3706.9249999999884
2023-11-08,151237.39784999998,147530.47285,3706.9249999999884
2023-11-09,150017.32499999998,146310.4,3706.9249999999884
2023-11-10,150110.82285,146403.89785,3706.9249999999884
2023-11-12,151068.09999999998,147361.175,3706.9249999999884
2023-11-13,149987.32715,146280.40215,3706.9249999999884
2023-11-15,152428.19999999998,148721.275,3706.9249999999884
2023-11-16,153961.60139999999,150254.6764,3706.9249999999884
2023-11-17,153806.4,150099.475,3706.9249999999884
2023-11-20,153916.55355,150209.62855000002,3706.9249999999884
2023-11-21,154847.39784999998,151140.47285,3706.9249999999884
2023-11-22,155145.74859999996,151438.82359999997,3706.9249999999884
2023-11-23,155289.22499999998,151582.3,3706.9249999999884
2023-11-24,154900.52425,151193.59925,3706.9249999999884
2023-11-28,154978.39644999997,151271.47144999998,3706.9249999999884
2023-11-29,156745.99999999997,153039.07499999998,3706.9249999999884
2023-11-30,155868.30139999997,152161.37639999998,3706.9249999999884
2023-12-01,156453.3736,152746.4486,3706.9249999999884
2023-12-04,158830.425,155123.5,3706.9249999999884
2023-12-05,159954.9014,156247.9764,3706.9249999999884
2023-12-06,161609.27855,157902.35355,3706.9249999999884
2023-12-07,161762.1736,158055.24860000002,3706.9249999999884
2023-12-08,162661.55,158954.625,3706.9249999999884
2023-12-11,162892.05075,159185.12575,3706.9249999999884
2023-12-12,161992.5014,158285.57640000002,3706.9249999999884
2023-12-13,160981.69999999998,157274.775,3706.9249999999884
2023-12-14,163307.67284999997,159600.74784999999,3706.9249999999884
2023-12-15,166910.75215,163203.82715,3706.9249999999884
2023-12-18,167403.175,163696.25,3706.9249999999884
2023-12-19,167505.02714999998,163798.10215,3706.9249999999884
2023-12-20,166470.84785,162763.92285,3706.9249999999884
2023-12-21,168331.2,164624.27500000002,3706.9249999999884
2023-12-22,168364.975,164658.05000000002,3706.9249999999884
2023-12-26,168634.775,164927.85,3706.9249999999884
2023-12-27,169741.55214999997,166034.62715,3706.9249999999884
2023-12-28,170050.7236,166343.7986,3706.9249999999884
2023-12-29,169650.82359999997,165943.8986,3706.9249999999884
2024-01-01,169639.0514,165932.1264,3706.9249999999884
2024-01-02,169743.12499999997,166036.19999999998,3706.9249999999884
2024-01-03,166974.525,163267.6,3706.9249999999884
2024-01-04,167513.57285,163806.64785,3706.9249999999884
2024-01-05,168456.7736,164749.8486,3706.9249999999884
2024-01-08,166556.72715,162849.80215,3706.9249999999884
2024-01-09,166138.0236,162431.0986,3706.9249999999884
2024-01-10,168141.10215,164434.17715,3706.9249999999884
2024-01-11,169721.825,166014.90000000002,3706.9249999999884
2024-01-12,171987.5,168280.575,3706.9249999999884
2024-01-15,174346.3,170639.375,3706.9249999999884
2024-01-16,173125.525,169418.6,3706.9249999999884
2024-01-17,168145.29924999998,164438.37425,3706.9249999999884
2024-01-18,166951.19924999998,163244.27425,3706.9249999999884
2024-01-19,166976.74784999999,163269.82285,3706.9249999999884
2024-01-20,165633.4486,161926.52360000001,3706.9249999999884
2024-01-23,162667.37284999999,158960.44785,3706.9249999999884
2024-01-24,164051.4,160344.475,3706.9249999999884
2024-01-25,163302.49784999999,159595.57285,3706.9249999999884
2024-01-29,167917.85215,164210.92715,3706.9249999999884
2024-01-30,165826.55,162119.625,3706.9249999999884
2024-01-31,167470.52499999997,163763.59999999998,3706.9249999999884
2024-02-01,168133.6986,164426.77360000001,3706.9249999999884
2024-02-02,170362.24784999999,166655.32285,3706.9249999999884
2024-02-05,169613.675,165906.75,3706.9249999999884
2024-02-06,171383.67715,167676.75215000001,3706.9249999999884
2024-02-07,170790.2986,167083.37360000002,3706.9249999999884
2024-02-08,170941.87639999998,167234.9514,3706.9249999999884
2024-02-09,171411.5778,167704.6528,3706.9249999999884
2024-02-12,170412.77779999998,166705.8528,3706.9249999999884
2024-02-13,171513.3,167806.375,3706.9249999999884
2024-02-14,171173.12639999998,167466.2014,3706.9249999999884
2024-02-15,171758.20279999997,168051.27779999998,3706.9249999999884
2024-02-16,171874.49504999997,168167.57004999998,3706.9249999999884
2024-02-19,172014.9722,168308.0472,3706.9249999999884
2024-02-20,172109.1486,168402.2236,3706.9249999999884
2024-02-21,170910.54784999997,167203.62284999999,3706.9249999999884
2024-02-22,172196.50139999998,168489.5764,3706.9249999999884
2024-02-23,172252.3014,168545.3764,3706.9249999999884
2024-02-26,171323.64784999998,167616.72285,3706.9249999999884
2024-02-27,172626.4986,168919.5736,3706.9249999999884
2024-02-28,171179.0028,167472.0778,3706.9249999999884
2024-02-29,170866.62855,167159.70355,3706.9249999999884
2024-03-01,173119.3264,169412.4014,3706.9249999999884
2024-03-02,173252.67424999998,169545.74925,3706.9249999999884
2024-03-04,173650.375,169943.45,3706.9249999999884
2024-03-05,172653.39925,168946.47425,3706.9249999999884
2024-03-06,173563.225,169856.30000000002,3706.9249999999884
2024-03-07,173265.45354999998,169558.52855,3706.9249999999884
2024-03-11,172314.92639999997,168608.00139999998,3706.9249999999884
2024-03-12,174736.62715,171029.70215,3706.9249999999884
2024-03-13,172299.85215,168592.92715,3706.9249999999884
2024-03-14,172924.3264,169217.4014,3706.9249999999884
2024-03-15,172423.87499999997,168716.94999999998,3706.9249999999884
2024-03-18,172182.02499999997,168475.09999999998,3706.9249999999884
2024-03-19,169228.1,165521.17500000002,3706.9249999999884
2024-03-20,169320.94859999997,165614.0236,3706.9249999999884
2024-03-21,170152.77499999997,166445.84999999998,3706.9249999999884
2024-03-22,169361.0736,165654.14860000001,3706.9249999999884
2024-03-26,167730.54784999997,164023.62284999999,3706.9249999999884
2024-03-27,169935.5236,166228.5986,3706.9249999999884
2024-03-28,170371.32499999998,166664.4,3706.9249999999884
2024-04-01,171648.5,167941.575,3706.9249999999884
2024-04-02,171603.99784999999,167897.07285,3706.9249999999884
2024-04-03,171904.97499999998,168198.05,3706.9249999999884
2024-04-04,173833.50215,170126.57715,3706.9249999999884
2024-04-05,174110.64999999997,170403.72499999998,3706.9249999999884
2024-04-08,175030.65,171323.725,3706.9249999999884
2024-04-09,173772.0,170065.075,3706.9249999999884
2024-04-10,174581.47144999998,170874.54645,3706.9249999999884
2024-04-12,173698.7986,169991.87360000002,3706.9249999999884
2024-04-15,171943.64784999998,168236.72285,3706.9249999999884
2024-04-16,171513.25,167806.325,3706.9249999999884
2024-04-18,170813.34785,167106.42285,3706.9249999999884
2024-04-19,171787.64999999997,168080.72499999998,3706.9249999999884
2024-04-22,172103.5764,168396.6514,3706.9249999999884
2024-04-23,171208.29784999997,167501.37284999999,3706.9249999999884
2024-04-24,170341.10215,166634.17715,3706.9249999999884
2024-04-25,171026.77499999997,167319.84999999998,3706.9249999999884
2024-04-26,170243.77855,166536.85355,3706.9249999999884
2024-04-29,172124.05,168417.125,3706.9249999999884
2024-04-30,171200.3736,167493.4486,3706.9249999999884
2024-05-02,172185.15214999998,168478.22715,3706.9249999999884
2024-05-03,170083.1236,166376.1986,3706.9249999999884
2024-05-06,170649.975,166943.05000000002,3706.9249999999884
2024-05-07,170131.675,166424.75,3706.9249999999884
2024-05-08,170050.65214999998,166343.72715,3706.9249999999884
2024-05-09,167588.34999999998,163881.425,3706.9249999999884
2024-05-10,166910.45075,163203.52575,3706.9249999999884
2024-05-13,168043.09785,164336.17285,3706.9249999999884
2024-05-14,168328.77284999998,164621.84785,3706.9249999999884
2024-05-15,167122.0986,163415.1736,3706.9249999999884
2024-05-16,168528.64999999997,164821.72499999998,3706.9249999999884
2024-05-17,168166.77425,164459.84925,3706.9249999999884
2024-05-18,168437.37284999999,164730.44785,3706.9249999999884
2024-05-21,167812.89999999997,164105.97499999998,3706.9249999999884
2024-05-22,169046.075,165339.15000000002,3706.9249999999884
2024-05-23,172117.47715,168410.55215,3706.9249999999884
2024-05-24,172076.875,168369.95,3706.9249999999884
2024-05-27,171792.325,168085.40000000002,3706.9249999999884
2024-05-28,171353.87144999998,167646.94645,3706.9249999999884
2024-05-29,169439.3986,165732.4736,3706.9249999999884
2024-05-30,168028.35139999999,164321.4264,3706.9249999999884
2024-05-31,167914.34999999998,164207.425,3706.9249999999884
2024-06-03,173159.49925,169452.57425,3706.9249999999884
2024-06-04,165485.275,161778.35,3706.9249999999884
2024-06-05,169234.77499999997,165527.84999999998,3706.9249999999884
2024-06-06,171141.2736,167434.3486,3706.9249999999884
2024-06-07,174137.29784999997,170430.37284999999,3706.9249999999884
2024-06-10,173302.47499999998,169595.55,3706.9249999999884
2024-06-11,172694.15355,168987.22855,3706.9249999999884
2024-06-12,173007.02144999997,169300.09644999998,3706.9249999999884
2024-06-13,173961.8986,170254.9736,3706.9249999999884
2024-06-14,174386.42715,170679.50215000001,3706.9249999999884
2024-06-18,174663.7014,170956.7764,3706.9249999999884
2024-06-19,175190.65,171483.725,3706.9249999999884
2024-06-20,176020.74784999999,172313.82285,3706.9249999999884
2024-06-21,175390.64784999998,171683.72285,3706.9249999999884
2024-06-24,175150.94999999998,171444.025,3706.9249999999884
2024-06-25,177303.9,173596.975,3706.9249999999884
2024-06-26,179792.1514,176085.2264,3706.9249999999884
2024-06-27,181419.70075,177712.77575,3706.9249999999884
2024-06-28,182084.5236,178377.5986,3706.9249999999884
2024-07-01,183612.375,179905.45,3706.9249999999884
2024-07-02,185228.15075,181521.22575,3706.9249999999884
2024-07-03,185224.47715,181517.55215,3706.9249999999884
2024-07-04,184682.82499999998,180975.9,3706.9249999999884
2024-07-05,183394.35,179687.42500000002,3706.9249999999884
2024-07-08,183234.65,179527.725,3706.9249999999884
2024-07-09,182708.5,179001.575,3706.9249999999884
2024-07-10,181031.04859999998,177324.1236,3706.9249999999884
2024-07-11,180940.32499999998,177233.4,3706.9249999999884
2024-07-12,185301.8528,181594.9278,3706.9249999999884
2024-07-15,185101.00139999998,181394.0764,3706.9249999999884
2024-07-16,184155.3028,180448.37780000002,3706.9249999999884
2024-07-18,186447.44934999998,182740.52435,3706.9249999999884
2024-07-19,184656.5236,180949.5986,3706.9249999999884
2024-07-22,183284.27855,179577.35355,3706.9249999999884
2024-07-23,182135.9264,178429.0014,3706.9249999999884
2024-07-24,182045.19784999997,178338.27284999998,3706.9249999999884
2024-07-25,182551.225,178844.30000000002,3706.9249999999884
2024-07-26,184232.9264,180526.0014,3706.9249999999884
2024-07-29,184175.80139999997,180468.87639999998,3706.9249999999884
2024-07-30,184008.2014,180301.2764,3706.9249999999884
2024-07-31,183962.72855,180255.80355,3706.9249999999884
2024-08-01,185324.02855,181617.10355,3706.9249999999884
2024-08-02,183722.12004999997,180015.19504999998,3706.9249999999884
2024-08-05,178240.22004999997,174533.29505,3706.9249999999884
2024-08-06,178354.07995,174647.15495000003,3706.9249999999884
2024-08-07,179887.95064999998,176181.02565,3706.9249999999884
2024-08-08,179465.4472,175758.5222,3706.9249999999884
2024-08-09,181586.02715,177879.10215000002,3706.9249999999884
2024-08-12,180866.2486,177159.3236,3706.9249999999884
2024-08-13,179107.3028,175400.37780000002,3706.9249999999884
2024-08-14,180561.27499999997,176854.34999999998,3706.9249999999884
2024-08-16,183769.57004999998,180062.64505,3706.9249999999884
2024-08-19,185225.05,181518.125,3706.9249999999884
2024-08-20,186221.92005,182514.99505,3706.9249999999884
2024-08-21,186335.25215,182628.32715,3706.9249999999884
2024-08-22,185802.84999999998,182095.925,3706.9249999999884
2024-08-23,185139.6236,181432.6986,3706.9249999999884
2024-08-26,186721.3528,183014.4278,3706.9249999999884
2024-08-27,186050.99644999998,182344.07145,3706.9249999999884
2024-08-28,186061.37435,182354.44935,3706.9249999999884
2024-08-29,187163.32434999998,183456.39935,3706.9249999999884
2024-08-30,187209.44999999998,183502.525,3706.9249999999884
2024-09-02,186703.1972,182996.2722,3706.9249999999884
2024-09-03,186623.4264,182916.5014,3706.9249999999884
2024-09-04,186542.37499999997,182835.44999999998,3706.9249999999884
2024-09-05,185690.7278,181983.8028,3706.9249999999884
2024-09-06,183926.72285,180219.79785,3706.9249999999884
2024-09-09,184043.72499999998,180336.8,3706.9249999999884
2024-09-10,184949.125,181242.2,3706.9249999999884
2024-09-11,183902.975,180196.05000000002,3706.9249999999884
2024-09-12,186417.22499999998,182710.3,3706.9249999999884
2024-09-13,186155.525,182448.6,3706.9249999999884
2024-09-16,186137.3,182430.375,3706.9249999999884
2024-09-17,185999.72499999998,182292.8,3706.9249999999884
2024-09-18,184257.17499999996,180550.24999999997,3706.9249999999884
2024-09-19,184283.8,180576.875,3706.9249999999884
2024-09-20,185920.5,182213.575,3706.9249999999884
2024-09-23,186634.34999999998,182927.425,3706.9249999999884
2024-09-24,186777.925,183071.0,3706.9249999999884
2024-09-25,187393.125,183686.2,3706.9249999999884
2024-09-26,187959.35,184252.42500000002,3706.9249999999884
2024-09-27,188368.02499999997,184661.09999999998,3706.9249999999884
2024-09-30,184982.32499999998,181275.4,3706.9249999999884
2024-10-01,184552.69999999998,180845.775,3706.9249999999884
2024-10-03,179812.34999999998,176105.425,3706.9249999999884
2024-10-04,178390.275,174683.35,3706.9249999999884
2024-10-07,176664.3,172957.375,3706.9249999999884
2024-10-08,178648.64999999997,174941.72499999998,3706.9249999999884
2024-10-09,177066.55,173359.625,3706.9249999999884
2024-10-10,177536.07499999998,173829.15,3706.9249999999884
2024-10-11,176104.52499999997,172397.59999999998,3706.9249999999884
2024-10-14,177189.94999999998,173483.025,3706.9249999999884
2024-10-15,175552.55,171845.625,3706.9249999999884
2024-10-16,176204.74999999997,172497.82499999998,3706.9249999999884
2024-10-17,175609.72499999998,171902.8,3706.9249999999884
2024-10-18,176221.5,172514.575,3706.9249999999884
2024-10-21,177611.875,173904.95,3706.9249999999884
2024-10-22,175125.39999999997,171418.47499999998,3706.9249999999884
2024-10-23,176340.3,172633.375,3706.9249999999884
2024-10-24,176602.19999999998,172895.275,3706.9249999999884
2024-10-25,176014.07499999998,172307.15,3706.9249999999884
2024-10-28,176451.57499999998,172744.65,3706.9249999999884
2024-10-29,177067.4,173360.475,3706.9249999999884
2024-10-30,176788.82499999998,173081.9,3706.9249999999884
2024-10-31,174689.32499999998,170982.4,3706.9249999999884
2024-11-01,175247.22499999998,171540.3,3706.9249999999884
2024-11-04,172619.82499999998,168912.9,3706.9249999999884
2024-11-05,174321.69999999998,170614.775,3706.9249999999884
2024-11-06,177452.94999999998,173746.025,3706.9249999999884
2024-11-07,176471.89999999997,172764.97499999998,3706.9249999999884
2024-11-08,175740.25,172033.325,3706.9249999999884
2024-11-11,176385.87499999997,172678.94999999998,3706.9249999999884
2024-11-12,174822.97499999998,171116.05,3706.9249999999884
2024-11-13,171975.2,168268.27500000002,3706.9249999999884
2024-11-14,172963.44999999998,169256.525,3706.9249999999884
2024-11-18,171313.025,167606.1,3706.9249999999884
2024-11-19,172016.95,168310.02500000002,3706.9249999999884
2024-11-21,171646.025,167939.1,3706.9249999999884
2024-11-22,176021.125,172314.2,3706.9249999999884
2024-11-25,179276.925,175570.0,3706.9249999999884
2024-11-26,180175.74999999997,176468.82499999998,3706.9249999999884
2024-11-27,180682.275,176975.35,3706.9249999999884
2024-11-28,177850.44999999998,174143.525,3706.9249999999884
2024-11-29,179231.09999999998,175524.175,3706.9249999999884
2024-12-02,180330.925,176624.0,3706.9249999999884
2024-12-03,182028.37499999997,178321.44999999998,3706.9249999999884
2024-12-04,183266.72499999998,179559.8,3706.9249999999884
2024-12-05,185554.4,181847.475,3706.9249999999884
2024-12-06,184511.55,180804.625,3706.9249999999884
2024-12-09,184373.47499999998,180666.55,3706.9249999999884
2024-12-10,183592.525,179885.6,3706.9249999999884
2024-12-11,183067.675,179360.75,3706.9249999999884
2024-12-12,182665.8,178958.875,3706.9249999999884
2024-12-13,183777.69999999998,180070.775,3706.9249999999884
2024-12-16,182540.82499999998,178833.9,3706.9249999999884
2024-12-17,179267.69999999998,175560.775,3706.9249999999884
2024-12-18,179125.025,175418.1,3706.9249999999884
2024-12-19,176505.12499999997,172798.19999999998,3706.9249999999884
2024-12-20,173264.275,169557.35,3706.9249999999884
2024-12-23,174815.525,171108.6,3706.9249999999884
2024-12-24,175034.525,171327.6,3706.9249999999884
2024-12-26,174376.1,170669.17500000002,3706.9249999999884
2024-12-27,174761.35,171054.42500000002,3706.9249999999884
2024-12-30,173549.875,169842.95,3706.9249999999884
2024-12-31,172688.94999999998,168982.025,3706.9249999999884
2025-01-01,173517.09999999998,169810.175,3706.9249999999884
2025-01-02,175655.44999999998,171948.525,3706.9249999999884
2025-01-03,173503.175,169796.25,3706.9249999999884
2025-01-06,170712.675,167005.75,3706.9249999999884
2025-01-07,170858.57499999998,167151.65,3706.9249999999884
2025-01-08,172400.07499999998,168693.15,3706.9249999999884
2025-01-09,170076.37499999997,166369.44999999998,3706.9249999999884
2025-01-10,172328.84999999998,168621.925,3706.9249999999884
2025-01-13,171729.35,168022.42500000002,3706.9249999999884
2025-01-14,171396.975,167690.05000000002,3706.9249999999884
2025-01-15,172088.09999999998,168381.175,3706.9249999999884
2025-01-16,172396.15,168689.225,3706.9249999999884
2025-01-17,172279.3,168572.375,3706.9249999999884
2025-01-20,172247.34999999998,168540.425,3706.9249999999884
2025-01-21,169998.32499999998,166291.4,3706.9249999999884
2025-01-22,172627.3,168920.375,3706.9249999999884
2025-01-23,171854.32499999998,168147.4,3706.9249999999884
2025-01-24,170699.025,166992.1,3706.9249999999884
2025-01-27,168079.37499999997,164372.44999999998,3706.9249999999884
2025-01-28,169308.725,165601.80000000002,3706.9249999999884
2025-01-29,170420.175,166713.25,3706.9249999999884
2025-01-30,171654.025,167947.1,3706.9249999999884
2025-01-31,172587.94999999998,168881.025,3706.9249999999884
2025-02-01,171755.65,168048.725,3706.9249999999884
2025-02-03,170454.72499999998,166747.8,3706.9249999999884
2025-02-04,174119.375,170412.45,3706.9249999999884
2025-02-05,174161.22499999998,170454.3,3706.9249999999884
2025-02-06,174391.05,170684.125,3706.9249999999884
2025-02-07,173482.15,112515.225,60966.92499999999
2025-02-10,172351.5,111384.57500000001,60966.92499999999
2025-02-11,171062.375,110095.45,60966.92499999999
2025-02-12,170456.375,109489.45,60966.92499999999
2025-02-13,170132.175,109165.25,60966.92499999999
2025-02-14,170086.15,109119.225,60966.92499999999
2025-02-17,171168.84999999998,110201.925,60966.92499999999
2025-02-18,171381.3,110414.375,60966.92499999999
2025-02-19,171608.47499999998,110641.55,60966.92499999999
2025-02-20,170503.775,109536.85,60966.92499999999
2025-02-21,170476.125,109509.20000000001,60966.92499999999
2025-02-24,169375.425,108408.5,60966.92499999999
2025-02-25,169097.65,108130.725,60966.92499999999
2025-02-27,169845.675,108878.75,60966.92499999999
2025-02-28,170606.625,109639.7,60966.92499999999
2025-03-03,168332.59999999998,107365.67499999999,60966.92499999999
2025-03-04,168213.625,107246.70000000001,60966.92499999999
2025-03-05,168132.72499999998,107165.79999999999,60966.92499999999
2025-03-06,169634.925,108668.0,60966.92499999999
2025-03-07,171298.19999999998,110331.275,60966.92499999999
2025-03-10,170749.375,109782.45000000001,60966.92499999999
2025-03-11,171065.07499999998,110098.15,60966.92499999999
2025-03-12,172343.59999999998,111376.675,60966.92499999999
2025-03-13,171797.72499999998,110830.8,60966.92499999999
2025-03-17,171535.875,110568.95,60966.92499999999
2025-03-18,172264.025,111297.1,60966.92499999999
2025-03-19,173021.72499999998,112054.8,60966.92499999999
2025-03-20,174793.5,113826.57500000001,60966.92499999999
2025-03-21,175156.69999999998,114189.775,60966.92499999999
2025-03-24,177257.22499999998,116290.29999999999,60966.92499999999
2025-03-25,177259.84999999998,116292.925,60966.92499999999
2025-03-26,176227.5,115260.575,60966.92499999999
2025-03-27,177078.75,116111.825,60966.92499999999
2025-03-28,177067.72499999998,54829.299999999996,122238.42499999999
2025-04-01,176100.22499999998,53861.799999999996,122238.42499999999
2025-04-02,176037.875,53799.450000000004,122238.42499999999
2025-04-03,175932.525,53694.1,122238.42499999999
2025-04-04,174040.525,51802.1,122238.42499999999
2025-04-07,172363.525,50125.1,122238.42499999999
2025-04-08,173073.025,50834.6,122238.42499999999
2025-04-09,173208.47499999998,50970.049999999996,122238.42499999999
2025-04-11,174653.275,52414.85,122238.42499999999
2025-04-15,175562.72499999998,53324.299999999996,122238.42499999999
2025-04-16,175528.32499999998,53289.9,122238.42499999999
2025-04-17,177041.925,54803.5,122238.42499999999
2025-04-21,177944.925,55706.5,122238.42499999999
2025-04-22,177760.025,55521.6,122238.42499999999
2025-04-23,178138.425,55900.0,122238.42499999999
2025-04-24,178207.22499999998,55968.799999999996,122238.42499999999
2025-04-25,178155.625,55917.200000000004,122238.42499999999
2025-04-28,181096.82499999998,58858.4,122238.42499999999
2025-04-29,182425.525,60187.1,122238.42499999999
2025-04-30,182653.425,60415.0,122238.42499999999
2025-05-02,183040.425,0.0,183040.425
2025-05-05,183040.425,0.0,183040.425
2025-05-06,183040.425,0.0,183040.425
2025-05-07,183040.425,0.0,183040.425
2025-05-08,183040.425,0.0,183040.425
2025-05-09,183040.425,0.0,183040.425
2025-05-12,183040.425,0.0,183040.425
2025-05-13,183040.425,0.0,183040.425
2025-05-14,183040.425,0.0,183040.425
2025-05-15,183040.425,0.0,183040.425
2025-05-16,183040.425,0.0,183040.425
2025-05-19,183040.425,0.0,183040.425
2025-05-20,183040.425,0.0,183040.425
2025-05-21,183040.425,0.0,183040.425
2025-05-22,183040.425,0.0,183040.425
2025-05-23,183040.425,0.0,183040.425
2025-05-26,183040.425,0.0,183040.425
2025-05-27,183040.425,0.0,183040.425
2025-05-28,183040.425,0.0,183040.425
2025-05-29,183040.425,0.0,183040.425
2025-05-30,183040.425,0.0,183040.425
2025-06-02,183040.425,0.0,183040.425
2025-06-03,183040.425,0.0,183040.425
2025-06-04,183040.425,0.0,183040.425
2025-06-05,183040.425,0.0,183040.425
2025-06-06,183040.425,0.0,183040.425
2025-06-09,183040.425,0.0,183040.425
2025-06-10,183040.425,0.0,183040.425
2025-06-11,183235.725,91280.70000000001,91955.025
2025-06-12,182775.82499999998,90820.79999999999,91955.025
2025-06-13,181912.725,89957.70000000001,91955.025
2025-06-16,182536.425,90581.4,91955.025
2025-06-17,182120.625,90165.6,91955.025
2025-06-18,182051.32499999998,90096.29999999999,91955.025
2025-06-19,182252.925,90297.9,91955.025
2025-06-20,184325.625,92370.6,91955.025
2025-06-23,183733.425,91778.4,91955.025
2025-06-24,183355.425,91400.4,91955.025
2025-06-25,184394.925,92439.9,91955.025
2025-06-26,186158.925,94203.9,91955.025
2025-06-27,187425.225,95470.20000000001,91955.025
2025-06-30,186492.82499999998,94537.79999999999,91955.025
2025-07-01,188244.225,96289.20000000001,91955.025
2025-07-02,187639.425,95684.4,91955.025
2025-07-03,187576.425,95621.4,91955.025
2025-07-04,188174.925,96219.9,91955.025
2025-07-07,189069.525,97114.5,91955.025
2025-07-08,188823.82499999998,96868.79999999999,91955.025
2025-07-09,187652.025,95697.0,91955.025
2025-07-10,187538.625,95583.6,91955.025
2025-07-11,186152.625,94197.6,91955.025
2025-07-14,185428.125,93473.1,91955.025
2025-07-15,185535.225,93580.20000000001,91955.025
2025-07-16,185547.82499999998,93592.79999999999,91955.025
2025-07-17,184968.225,93013.20000000001,91955.025
2025-07-18,184943.025,92988.0,91955.025
2025-07-21,181956.82499999998,90001.79999999999,91955.025
2025-07-22,180961.425,89006.4,91955.025
2025-07-23,181704.82499999998,89749.79999999999,91955.025
2025-07-24,180337.725,88382.70000000001,91955.025
2025-07-25,179632.125,87677.1,91955.025
2025-07-28,179373.82499999998,87418.79999999999,91955.025
2025-07-29,181232.32499999998,89277.29999999999,91955.025
2025-07-30,180791.32499999998,88836.29999999999,91955.025
2025-07-31,179537.625,87582.6,91955.025
2025-08-01,179758.125,87803.1,91955.025
2025-08-04,180879.525,88924.5,91955.025
2025-08-05,179632.125,87677.1,91955.025
2025-08-06,179701.425,87746.4,91955.025
2025-08-07,179487.225,87532.20000000001,91955.025
2025-08-08,177822.825,131571.1,46251.725
2025-08-11,179481.125,133229.4,46251.725
2025-08-12,178524.62500000003,132272.90000000002,46251.725
2025-08-13,178902.425,132650.69999999998,46251.725
2025-08-14,178596.425,132344.69999999998,46251.725
2025-08-18,179381.625,133129.9,46251.725
2025-08-19,181513.32499999998,135261.59999999998,46251.725
2025-08-20,180999.325,134747.6,46251.725
2025-08-21,181811.725,135560.0,46251.725
2025-08-22,180217.125,133965.4,46251.725
2025-08-25,180419.82499999998,134168.09999999998,46251.725
2025-08-26,178276.825,132025.1,46251.725
2025-08-28,177622.225,131370.5,46251.725
2025-08-29,175528.92500000002,129277.20000000001,46251.725
2025-09-01,175275.02500000002,129023.30000000002,46251.725
2025-09-02,175788.225,129536.5,46251.725
2025-09-03,176630.225,130378.5,46251.725
2025-09-04,176105.125,129853.4,46251.725
2025-09-05,177193.125,130941.4,46251.725
2025-09-08,177533.225,131281.5,46251.725
2025-09-09,177349.225,131097.5,46251.725
2025-09-10,177434.125,131182.4,46251.725
2025-09-11,177918.425,131666.69999999998,46251.725
2025-09-12,178632.525,132380.8,46251.725
2025-09-15,178891.925,132640.19999999998,46251.725
2025-09-16,179260.725,133009.0,46251.725
2025-09-17,179780.125,133528.4,46251.725
2025-09-18,180334.125,134082.4,46251.725
2025-09-19,179395.325,133143.6,46251.725
2025-09-22,178212.725,131961.0,46251.725
2025-09-23,177840.325,131588.6,46251.725
2025-09-24,177129.025,130877.29999999999,46251.725
2025-09-25,176406.02500000002,130154.30000000002,46251.725
2025-09-26,176512.82499999998,130261.09999999998,46251.725
2025-09-29,176451.925,130200.19999999998,46251.725
2025-09-30,175929.725,129678.0,46251.725
2025-10-01,176881.325,130629.6,46251.725
2025-10-03,176542.825,130291.1,46251.725
2025-10-06,177655.42500000002,131403.7,46251.725
2025-10-07,178689.125,132437.4,46251.725
2025-10-08,177418.12500000003,131166.40000000002,46251.725
2025-10-09,177999.725,131748.0,46251.725
2025-10-10,178420.225,132168.5,46251.725
2025-10-13,177818.725,131567.0,46251.725
2025-10-14,177882.325,131630.6,46251.725
2025-10-15,177832.125,131580.4,46251.725
2025-10-16,180084.725,133833.0,46251.725
2025-10-17,181627.425,135375.69999999998,46251.725
2025-10-20,184795.825,138544.1,46251.725
2025-10-21,184913.52500000002,138661.80000000002,46251.725
2025-10-23,183905.725,137654.0,46251.725
2025-10-24,183461.025,137209.3,46251.725
2025-10-27,185885.725,139634.0,46251.725
2025-10-28,186089.725,139838.0,46251.725
2025-10-29,187377.42500000002,141125.7,46251.725
2025-10-30,185942.125,139690.4,46251.725
2025-10-31,185310.725,139059.0,46251.725
2025-11-03,185449.725,139198.0,46251.725
2025-11-04,184378.525,138126.8,46251.725
2025-11-06,185799.925,139548.19999999998,46251.725
2025-11-07,184551.525,138299.8,46251.725
2025-11-10,185364.625,139112.9,46251.725
2025-11-11,185954.12500000003,139702.40000000002,46251.725
2025-11-12,186993.225,140741.5,46251.725
2025-11-13,186824.325,140572.6,46251.725
2025-11-14,187464.02500000002,141212.30000000002,46251.725
2025-11-17,187745.925,141494.19999999998,46251.725
2025-11-18,187626.62500000003,141374.90000000002,46251.725
2025-11-19,187694.02500000002,141442.30000000002,46251.725
2025-11-20,190252.125,144000.4,46251.725
2025-11-21,189597.82499999998,143346.09999999998,46251.725
2025-11-24,188974.325,142722.6,46251.725
2025-11-25,188783.625,142531.9,46251.725
2025-11-26,191334.825,145083.1,46251.725
2025-11-27,191182.92500000002,144931.2,46251.725
2025-11-28,191353.825,145102.1,46251.725
2025-12-01,191012.625,144760.9,46251.725
2025-12-02,189199.425,142947.69999999998,46251.725
2025-12-03,189219.125,142967.4,46251.725
2025-12-04,188865.725,142614.0,46251.725
2025-12-05,189461.32499999998,143209.59999999998,46251.725
2025-12-08,189603.325,143351.6,46251.725
2025-12-09,188470.52500000002,142218.80000000002,46251.725
2025-12-10,188607.225,142355.5,46251.725
2025-12-11,189600.525,143348.8,46251.725
2025-12-12,190380.225,144128.5,46251.725
2025-12-15,190112.92500000002,143861.2,46251.725
2025-12-16,189154.425,142902.69999999998,46251.725
2025-12-17,188812.92500000002,142561.2,46251.725
2025-12-18,188615.12500000003,142363.40000000002,46251.725
2025-12-19,190186.025,143934.3,46251.725
2025-12-22,190936.12500000003,144684.40000000002,46251.725
2025-12-23,191049.42500000002,144797.7,46251.725
2025-12-24,190289.52500000002,144037.80000000002,46251.725
2025-12-26,190117.92500000002,143866.2,46251.725
2025-12-29,189242.725,142991.0,46251.725
2025-12-30,188840.525,142588.8,46251.725
2025-12-31,190782.12500000003,144530.40000000002,46251.725
2026-01-01,191107.425,144855.69999999998,46251.725
2026-01-02,192640.225,146388.5,46251.725
2026-01-05,190637.025,144385.3,46251.725
2026-01-06,185491.725,139240.0,46251.725
2026-01-07,184672.625,138420.9,46251.725
2026-01-08,182447.725,136196.0,46251.725
2026-01-09,182389.625,136137.9,46251.725
2026-01-12,182793.02500000002,136541.30000000002,46251.725
2026-01-13,180896.225,134644.5,46251.725
2026-01-14,180726.825,134475.1,46251.725
2026-01-16,180930.02500000002,134678.30000000002,46251.725
