,RELIANCE.NS,TCS.NS,HDFCBANK.NS
2020-01-01 09:15:00,676.94853655,2154.0,635.3
2020-01-02 09:15:00,679.87126354,2149.2,639.5
2020-01-03 09:15:00,684.81741691,2164.0,631.8
2020-01-06 09:15:00,673.57615925,2187.8999,618.0
2020-01-07 09:15:00,680.545739,2183.8,626.125
2020-01-08 09:15:00,678.97196293,2202.05,620.025
2020-01-09 09:15:00,688.52703194,2210.0,631.55
2020-01-10 09:15:00,692.30409452,2208.0,637.55
2020-01-13 09:15:00,691.74203163,2184.7,638.0
2020-01-14 09:15:00,684.30031906,2195.0,638.75
2020-01-15 09:15:00,682.68157796,2194.2,637.05
2020-01-16 09:15:00,687.06566845,2215.0,639.675
2020-01-17 09:15:00,698.39685617,2213.0,635.95
2020-01-20 09:15:00,686.34622795,2156.2,626.25
2020-01-21 09:15:00,684.36776661,2158.05,619.2
2020-01-22 09:15:00,688.4595844,2173.7,617.2
2020-01-23 09:15:00,683.78322121,2183.7,615.5
2020-01-24 09:15:00,682.81647305,2170.0,619.55
2020-01-27 09:15:00,676.72371139,2165.0,605.875
2020-01-28 09:15:00,658.1081887,2152.0,606.625
2020-01-29 09:15:00,658.31053134,2150.0,611.125
2020-01-30 09:15:00,647.49644147,2125.0,608.6
2020-01-31 09:15:00,632.74791141,2071.6001,610.125
2020-02-01 09:15:00,616.51553534,2063.6001,595.675
2020-02-03 09:15:00,612.89585038,2093.2,588.85
2020-02-04 09:15:00,628.52119853,2086.6001,599.0
2020-02-05 09:15:00,643.13483349,2104.3,613.65
2020-02-06 09:15:00,647.5414065,2115.5,618.6
2020-02-07 09:15:00,642.23553288,2119.0,615.8
2020-02-10 09:15:00,634.20927491,2119.0,613.025
2020-02-11 09:15:00,649.76717552,2147.6001,619.025
2020-02-12 09:15:00,654.24119607,2150.0,622.025
2020-02-13 09:15:00,657.6585384,2171.0,616.8
2020-02-14 09:15:00,653.38686048,2171.0,607.5
2020-02-17 09:15:00,662.91944698,2190.2,607.225
2020-02-18 09:15:00,655.3203568,2186.05,601.75
2020-02-19 09:15:00,663.27916723,2190.5,606.95
2020-02-20 09:15:00,667.19112489,2151.25,607.05
2020-02-24 09:15:00,647.29409883,2106.7,600.0
2020-02-25 09:15:00,634.00693227,2111.0,599.0
2020-02-26 09:15:00,623.82235283,2112.95,592.825
2020-02-27 09:15:00,615.5712697,2086.2,590.5
2020-02-28 09:15:00,595.78665621,1990.0,585.05
2020-03-02 09:15:00,585.04001388,1985.7,583.075
2020-03-03 09:15:00,594.43770529,2012.0,584.0
2020-03-04 09:15:00,588.09763597,2025.0,566.55
2020-03-05 09:15:00,587.24330039,2084.05,571.375
2020-03-06 09:15:00,558.06099549,2071.6001,550.5
2020-03-09 09:15:00,492.3670857,1935.0,532.5
2020-03-11 09:15:00,498.21253968,1920.0,546.0
2020-03-12 09:15:00,471.5482765,1758.35,501.725
2020-03-13 09:15:00,423.75045791,1506.05,459.6
2020-03-16 09:15:00,451.89855811,1675.85,497.5
2020-03-17 09:15:00,451.08918756,1623.15,477.35
2020-03-18 09:15:00,432.11394462,1627.75,432.5
2020-03-19 09:15:00,401.17800802,1546.75,397.5
2020-03-20 09:15:00,418.17478511,1627.0,412.275
2020-03-23 09:15:00,393.73629994,1617.75,382.5
2020-03-24 09:15:00,402.79674013,1632.85,369.375
2020-03-25 09:15:00,433.12565781,1680.0,377.625
2020-03-26 09:15:00,468.69299706,1722.55,420.5
2020-03-27 09:15:00,470.42415074,1750.4,436.05
2020-03-30 09:15:00,458.64331271,1763.55,414.0
2020-03-31 09:15:00,471.23352129,1780.0,419.0
2020-04-01 09:15:00,469.97450043,1702.0,410.0
2020-04-03 09:15:00,474.96561883,1650.0,405.0
2020-04-07 09:15:00,494.61533723,1705.0,422.675
2020-04-08 09:15:00,521.59435563,1701.0,433.05
2020-04-09 09:15:00,536.43281574,1731.2,445.0
2020-04-13 09:15:00,530.58736176,1746.0,443.1
2020-04-15 09:15:00,513.95030041,1727.8,421.5
2020-04-16 09:15:00,514.84960103,1675.05,428.125
2020-04-17 09:15:00,536.27543814,1753.0,443.625
2020-04-20 09:15:00,540.4796685,1802.5,467.5
2020-04-21 09:15:00,523.39295685,1727.7,454.0
2020-04-22 09:15:00,584.54539855,1719.15,453.65
2020-04-23 09:15:00,608.51175989,1760.85,456.275
2020-04-24 09:15:00,605.76889302,1807.8,463.0
2020-04-27 09:15:00,639.85238626,1825.0,463.15
2020-04-28 09:15:00,625.9806743,1832.6,461.0
2020-04-29 09:15:00,638.50343534,1850.05,467.05
2020-04-30 09:15:00,646.61962337,1942.2,496.05
2020-05-04 09:15:00,637.35682705,1913.65,458.75
2020-05-05 09:15:00,650.73392367,1927.0,454.025
2020-05-06 09:15:00,649.96951815,1893.6,452.825
2020-05-07 09:15:00,649.744693,1883.35,460.675
2020-05-08 09:15:00,691.15748624,1886.25,462.6
2020-05-11 09:15:00,706.98517703,1909.0,457.0
2020-05-12 09:15:00,658.73769913,1910.25,435.55
2020-05-13 09:15:00,660.01349302,1925.65,461.05
2020-05-14 09:15:00,649.14188149,1891.1,445.0
2020-05-15 09:15:00,642.35563547,1865.2,437.5
2020-05-18 09:15:00,648.21132602,1872.1,415.65
2020-05-19 09:15:00,636.97657089,1903.0,413.05
2020-05-20 09:15:00,632.32379352,1931.7,416.1
2020-05-21 09:15:00,646.84953752,1941.15,426.15
2020-05-22 09:15:00,647.53043177,1961.25,416.525
2020-05-26 09:15:00,642.90035087,1925.0,424.375
2020-05-27 09:15:00,640.94845402,1941.25,428.575
2020-05-28 09:15:00,657.74384552,1971.3,456.975
2020-05-29 09:15:00,659.40068819,1962.4,461.725
2020-06-01 09:15:00,669.97724554,1981.1,483.05
2020-06-02 09:15:00,690.33598362,2040.05,487.6
2020-06-03 09:15:00,696.03279884,2020.0,507.725
2020-06-04 09:15:00,699.50535952,2046.75,495.55
2020-06-05 09:15:00,714.34885417,2040.3,501.4
2020-06-08 09:15:00,710.39966752,2062.1001,503.2
2020-06-09 09:15:00,695.87392352,2060.25,489.775
2020-06-10 09:15:00,699.07412649,2073.5,489.1
2020-06-11 09:15:00,694.96606452,2061.8,482.5
2020-06-12 09:15:00,679.53246152,2011.0,464.0
2020-06-15 09:15:00,708.62934247,2000.95,471.5
2020-06-16 09:15:00,719.61443637,2031.0,476.0
2020-06-17 09:15:00,727.24045197,2026.55,486.625
2020-06-18 09:15:00,728.82920522,2025.2,486.0
2020-06-19 09:15:00,754.43082902,2032.0,506.075
2020-06-22 09:15:00,787.56768252,2019.15,511.9
2020-06-23 09:15:00,778.98841497,2010.0,508.275
2020-06-24 09:15:00,776.99112517,2031.6,515.025
2020-06-25 09:15:00,777.60392999,2009.25,503.5
2020-06-26 09:15:00,779.39695152,2019.95,514.0
2020-06-29 09:15:00,778.73875374,2091.3,518.5
2020-06-30 09:15:00,769.66016374,2075.05,528.15
2020-07-01 09:15:00,775.33428249,2079.5,530.65
2020-07-02 09:15:00,787.59037899,2098.0,542.6
2020-07-03 09:15:00,802.54735602,2160.25,535.0
2020-07-06 09:15:00,813.48705697,2205.0,550.0
2020-07-07 09:15:00,819.93285587,2232.1499,546.525
2020-07-08 09:15:00,812.53380502,2207.6001,552.5
2020-07-09 09:15:00,810.8315694,2191.05,553.625
2020-07-10 09:15:00,828.0808904,2176.0,549.775
2020-07-13 09:15:00,862.46605002,2210.0,535.65
2020-07-14 09:15:00,856.70114537,2165.0,525.0
2020-07-15 09:15:00,816.16524102,2181.1001,525.05
2020-07-16 09:15:00,822.7245223,2220.1001,517.05
2020-07-17 09:15:00,834.32242102,2190.05,529.15
2020-07-20 09:15:00,862.3071747,2190.8,562.075
2020-07-21 09:15:00,879.03447677,2201.1499,567.0
2020-07-22 09:15:00,890.01957067,2184.2,558.775
2020-07-23 09:15:00,903.93250985,2163.0,558.125
2020-07-24 09:15:00,934.09612512,2125.1001,550.625
2020-07-27 09:15:00,965.91653768,2163.5,537.675
2020-07-28 09:15:00,976.24343381,2215.0,529.75
2020-07-29 09:15:00,939.8383333,2246.05,527.775
2020-07-30 09:15:00,940.54192402,2272.25,523.35
2020-07-31 09:15:00,931.82647762,2257.45,510.025
2020-08-03 09:15:00,909.26618147,2230.7,496.5
2020-08-04 09:15:00,907.9724824,2225.05,501.5
2020-08-05 09:15:00,961.55885987,2253.0,510.0
2020-08-06 09:15:00,956.79260012,2265.3501,513.125
2020-08-07 09:15:00,962.42132592,2287.0,510.3
2020-08-10 09:15:00,956.92882437,2276.05,521.9
2020-08-11 09:15:00,953.41087074,2275.6001,524.25
2020-08-12 09:15:00,956.33867062,2246.55,524.0
2020-08-13 09:15:00,957.79124502,2250.5,528.25
2020-08-14 09:15:00,948.3722079,2233.1001,513.65
2020-08-17 09:15:00,939.67950337,2238.25,510.1
2020-08-18 09:15:00,945.24013974,2248.3,511.0
2020-08-19 09:15:00,962.94339024,2252.5,528.125
2020-08-20 09:15:00,947.80479602,2240.05,526.0
2020-08-21 09:15:00,942.81157152,2241.05,532.3
2020-08-24 09:15:00,939.86102977,2230.0,542.825
2020-08-25 09:15:00,943.26550102,2233.55,553.1
2020-08-26 09:15:00,929.19368652,2216.45,554.75
2020-08-27 09:15:00,954.7272209,2241.75,553.125
2020-08-28 09:15:00,956.0890094,2235.1001,547.5
2020-08-31 09:15:00,935.25369074,2228.0,550.35
2020-09-01 09:15:00,936.18415543,2241.3,554.0
2020-09-02 09:15:00,946.44300752,2241.6499,560.35
2020-09-03 09:15:00,954.61373852,2268.0,564.0
2020-09-04 09:15:00,940.63270992,2262.95,552.2
2020-09-07 09:15:00,927.9453804,2283.3501,549.5
2020-09-08 09:15:00,944.40032477,2327.05,551.5
2020-09-09 09:15:00,944.8315578,2320.0,545.625
2020-09-10 09:15:00,987.45558324,2324.3,542.0
2020-09-11 09:15:00,1038.18220487,2330.1499,535.5
2020-09-14 09:15:00,1035.86711903,2381.8501,526.175
2020-09-15 09:15:00,1038.65874006,2464.6001,529.05
2020-09-16 09:15:00,1048.82680625,2477.3,534.175
2020-09-17 09:15:00,1040.33836999,2450.6001,539.0
2020-09-18 09:15:00,1033.39320325,2436.3999,523.6
2020-09-21 09:15:00,1020.13850724,2452.1499,520.75
2020-09-22 09:15:00,999.34849075,2458.0,514.75
2020-09-23 09:15:00,1001.05072637,2409.0,517.175
2020-09-24 09:15:00,987.7732885,2302.6001,512.5
2020-09-25 09:15:00,983.80140537,2352.1001,512.825
2020-09-28 09:15:00,1001.845103,2366.0,521.325
2020-09-29 09:15:00,1006.0212544,2426.3,525.5
2020-09-30 09:15:00,1009.99313753,2460.0,526.0
2020-10-01 09:15:00,1004.99991302,2492.3,545.05
2020-10-05 09:15:00,1001.36847702,2603.05,555.5
2020-10-06 09:15:00,999.39383831,2650.1001,563.1
2020-10-07 09:15:00,1007.72349003,2703.0,568.8
2020-10-08 09:15:00,1008.67678737,2800.0,581.675
2020-10-09 09:15:00,1006.40713987,2780.0,595.825
2020-10-12 09:15:00,1010.5605494,2800.75,602.8
2020-10-13 09:15:00,1010.37902299,2812.2,597.5
2020-10-14 09:15:00,1029.73907078,2787.55,587.75
2020-10-15 09:15:00,996.37525252,2727.0,582.0
2020-10-16 09:15:00,986.22988281,2731.3,586.5
2020-10-19 09:15:00,978.28611656,2706.6001,596.3
2020-10-20 09:15:00,976.9697664,2717.95,602.95
2020-10-21 09:15:00,952.23060865,2663.05,610.85
2020-10-22 09:15:00,949.16658452,2638.1001,611.5
2020-10-23 09:15:00,951.61775843,2670.1001,615.6
2020-10-26 09:15:00,916.25669577,2670.5,602.3
2020-10-27 09:15:00,910.12864752,2624.1001,598.925
2020-10-28 09:15:00,911.21807832,2606.0,600.75
2020-10-29 09:15:00,903.77363452,2600.25,589.25
2020-10-30 09:15:00,917.75466312,2621.6001,588.175
2020-11-02 09:15:00,843.92302995,2600.05,588.75
2020-11-03 09:15:00,833.00602547,2601.05,612.75
2020-11-04 09:15:00,833.86849152,2610.0,615.0
2020-11-05 09:15:00,876.99179402,2667.0,626.175
2020-11-06 09:15:00,897.94064045,2681.3,632.75
2020-11-09 09:15:00,924.20046202,2695.1001,657.6
2020-11-10 09:15:00,926.56089542,2638.3501,675.775
2020-11-11 09:15:00,897.91794397,2643.3999,685.25
2020-11-12 09:15:00,891.97146752,2661.75,680.0
2020-11-13 09:15:00,899.57478665,2636.0,673.5
2020-11-14 18:00:00,905.74822785,2660.05,682.6
2020-11-17 09:15:00,901.05005752,2650.05,690.3
2020-11-18 09:15:00,889.74721297,2607.05,699.525
2020-11-19 09:15:00,893.42404192,2630.8501,684.0
2020-11-20 09:15:00,860.19640252,2627.55,682.525
2020-11-23 09:15:00,874.3816994,2665.0,687.675
2020-11-24 09:15:00,876.99179402,2705.0,701.025
2020-11-25 09:15:00,881.62187492,2688.2,698.5
2020-11-26 09:15:00,876.1066315,2680.0,693.5
2020-11-27 09:15:00,872.18014132,2669.05,707.775
2020-12-01 09:15:00,876.10663148,2624.45,712.75
2020-12-02 09:15:00,878.3535825,2702.45,697.4
2020-12-03 09:15:00,889.08901518,2700.8,687.025
2020-12-04 09:15:00,880.62323,2699.0,686.65
2020-12-07 09:15:00,880.8955877,2706.1499,679.05
2020-12-08 09:15:00,885.162525,2732.45,682.575
2020-12-09 09:15:00,907.51855288,2793.1499,687.525
2020-12-10 09:15:00,908.3129295,2780.25,687.875
2020-12-11 09:15:00,896.17031538,2764.55,686.5
2020-12-14 09:15:00,901.66286232,2756.25,684.0
2020-12-15 09:15:00,890.20114245,2755.0,683.0
2020-12-16 09:15:00,892.28921815,2760.45,697.25
2020-12-17 09:15:00,897.48671093,2805.0,702.25
2020-12-18 09:15:00,891.9714675,2846.2,703.15
2020-12-21 09:15:00,842.15270487,2785.0,683.35
2020-12-22 09:15:00,857.22316428,2818.6499,672.5
2020-12-23 09:15:00,871.83969418,2865.45,680.525
2020-12-24 09:15:00,883.30141405,2883.2,688.5
2020-12-28 09:15:00,905.72553135,2902.0,702.0
2020-12-29 09:15:00,899.93793023,2920.0,710.0
2020-12-30 09:15:00,896.76042372,2902.0,706.5
2020-12-31 09:15:00,898.1449087,2845.0,712.525
2021-01-01 09:15:00,899.688269,2879.0,710.3
2021-01-04 09:15:00,893.333256,2940.95,699.5
2021-01-05 09:15:00,887.886102,3039.6001,704.5
2021-01-06 09:15:00,864.80378693,3037.2,706.55
2021-01-07 09:15:00,864.80378693,3000.25,706.275
2021-01-08 09:15:00,867.95859695,3060.0,711.55
2021-01-11 09:15:00,859.06157875,3146.55,718.15
2021-01-12 09:15:00,862.42065705,3150.0,724.55
2021-01-13 09:15:00,870.84104928,3126.25,731.05
2021-01-14 09:15:00,880.19199697,3120.3999,728.0
2021-01-15 09:15:00,871.56733647,3210.0,722.5
2021-01-18 09:15:00,873.06530382,3187.3999,733.5
2021-01-19 09:15:00,905.43047718,3232.0,733.5
2021-01-20 09:15:00,908.4945013,3267.1001,743.0
2021-01-21 09:15:00,941.9037125,3262.1001,734.075
2021-01-22 09:15:00,923.81462193,3241.8999,720.075
2021-01-25 09:15:00,876.991794,3278.6499,727.575
2021-01-27 09:15:00,857.018896,3227.0,703.075
2021-01-28 09:15:00,848.848165,3183.8,671.0
2021-01-29 09:15:00,830.690985,3100.0,682.25
2021-02-01 09:15:00,838.861716,3044.1001,700.5
2021-02-02 09:15:00,842.01652603,3150.0,748.7
2021-02-03 09:15:00,862.46605,3162.6499,771.0
2021-02-04 09:15:00,864.7356975,3176.0,771.725
2021-02-05 09:15:00,871.54464,3129.0,774.0
2021-02-08 09:15:00,875.65270197,3155.1499,797.85
2021-02-09 09:15:00,886.20656285,3164.0,793.35
2021-02-10 09:15:00,874.85832535,3157.3,783.5
2021-02-11 09:15:00,895.26245638,3185.05,782.1
2021-02-12 09:15:00,914.8495143,3182.0,786.5
2021-02-15 09:15:00,919.2072375,3131.55,798.35
2021-02-16 09:15:00,923.7465325,3100.0,804.225
2021-02-17 09:15:00,930.82787809,3045.55,791.5
2021-02-18 09:15:00,934.68627884,3031.0,774.0
2021-02-19 09:15:00,932.05344235,3016.1499,766.5
2021-02-22 09:15:00,905.56665603,2943.1499,769.725
2021-02-23 09:15:00,914.0324412,2968.0,761.325
2021-02-24 09:15:00,919.72925643,2921.1499,758.125
2021-02-25 09:15:00,940.9958535,2968.45,801.0
2021-02-26 09:15:00,939.95181565,2880.0,760.5
2021-03-01 09:15:00,936.22959375,2901.8,770.35
2021-03-02 09:15:00,948.30416384,2948.0,775.5
2021-03-03 09:15:00,956.5202424,2996.8999,782.5
2021-03-04 09:15:00,979.44368215,3016.05,769.55
2021-03-05 09:15:00,977.33290998,2996.6001,760.55
2021-03-08 09:15:00,984.119156,2996.0,756.25
2021-03-09 09:15:00,974.40511009,2992.1001,769.125
2021-03-10 09:15:00,985.14049738,3060.0,776.075
2021-03-12 09:15:00,964.10081966,3041.3501,767.525
2021-03-15 09:15:00,944.40032475,3041.0,757.65
2021-03-16 09:15:00,951.20926725,3060.0,755.0
2021-03-17 09:15:00,923.79192545,3085.3,745.1
2021-03-18 09:15:00,908.3129295,2987.05,740.575
2021-03-19 09:15:00,900.0514126,3005.0,737.025
2021-03-22 09:15:00,922.9294594,3018.6499,730.2
2021-03-23 09:15:00,933.279052,3122.8501,734.55
2021-03-24 09:15:00,926.1977518,3111.1499,735.5
2021-03-25 09:15:00,901.0500575,3050.0,725.125
2021-03-26 09:15:00,895.92065415,3043.05,737.0
2021-03-30 09:15:00,904.02329572,3060.8999,750.775
2021-03-31 09:15:00,907.4050705,3132.0,744.0
2021-04-01 09:15:00,909.28887793,3145.0,732.5
2021-04-05 09:15:00,890.65507195,3151.0,715.5
2021-04-06 09:15:00,893.7871855,3230.0,716.325
2021-04-07 09:15:00,904.81767235,3234.8,710.775
2021-04-08 09:15:00,904.6814935,3266.05,715.25
2021-04-09 09:15:00,898.78041,3308.0,707.55
2021-04-12 09:15:00,862.57953238,3213.2,676.5
2021-04-13 09:15:00,870.56869157,3073.05,680.5
2021-04-15 09:15:00,868.3671335,3087.45,695.5
2021-04-16 09:15:00,874.47248528,3182.6001,711.75
2021-04-19 09:15:00,857.926755,3135.1001,686.15
2021-04-20 09:15:00,858.13102328,3126.3501,691.975
2021-04-22 09:15:00,851.88949265,3105.25,685.525
2021-04-23 09:15:00,860.35527782,3091.05,700.1
2021-04-26 09:15:00,867.68623925,3088.05,701.375
2021-04-27 09:15:00,879.82885338,3103.0,702.4
2021-04-28 09:15:00,898.84849943,3112.0,715.5
2021-04-29 09:15:00,911.17268535,3105.5,730.5
2021-04-30 09:15:00,902.20757773,3020.0,703.75
2021-05-03 09:15:00,882.03041145,3004.0,688.65
2021-05-04 09:15:00,867.4592745,3035.0,691.65
2021-05-05 09:15:00,866.12018248,3052.3999,690.85
2021-05-06 09:15:00,865.4619847,3074.0,697.5
2021-05-07 09:15:00,874.268217,3111.8,705.125
2021-05-10 09:15:00,871.97587303,3125.0,706.4
2021-05-11 09:15:00,867.005345,3091.1499,697.525
2021-05-12 09:15:00,865.6435565,3070.6001,694.425
2021-05-14 09:15:00,865.189627,3040.0,691.175
2021-05-17 09:15:00,876.2655068,3036.0,690.65
2021-05-18 09:15:00,895.37593875,3078.0,727.5
2021-05-19 09:15:00,895.148974,3067.1001,726.275
2021-05-20 09:15:00,899.2343395,3052.1001,714.25
2021-05-21 09:15:00,901.503987,3055.1001,721.5
2021-05-24 09:15:00,899.688269,3072.0,749.25
2021-05-25 09:15:00,889.70182,3082.1001,735.25
2021-05-26 09:15:00,892.10764635,3103.8,735.0
2021-05-27 09:15:00,890.72316138,3161.8,731.225
2021-05-28 09:15:00,903.319705,3135.6499,739.375
2021-05-31 09:15:00,946.46570398,3128.6001,743.75
2021-06-01 09:15:00,974.35967175,3132.0,753.625
2021-06-02 09:15:00,979.1259315,3115.0,746.5
2021-06-03 09:15:00,996.87462034,3122.6499,743.875
2021-06-04 09:15:00,991.49551038,3125.0,749.6
2021-06-07 09:15:00,991.8359575,3133.6001,748.0
2021-06-08 09:15:00,997.80508503,3187.2,740.75
2021-06-09 09:15:00,979.55716452,3186.2,736.025
2021-06-10 09:15:00,988.45418273,3193.0,736.825
2021-06-11 09:15:00,989.61174834,3211.0,740.525
2021-06-14 09:15:00,996.39794898,3270.3501,731.275
2021-06-15 09:15:00,1016.93825885,3251.55,737.4
2021-06-16 09:15:00,1001.30043297,3253.0,739.05
2021-06-17 09:15:00,989.52087166,3260.0,730.0
2021-06-18 09:15:00,991.54094872,3275.0,727.5
2021-06-21 09:15:00,998.71294403,3251.7,729.5
2021-06-22 09:15:00,1007.42848122,3285.0,740.0
2021-06-23 09:15:00,999.41658015,3256.3999,739.3
2021-06-24 09:15:00,971.40913,3278.5,744.0
2021-06-25 09:15:00,944.67272784,3350.0,753.5
2021-06-28 09:15:00,944.6272895,3333.0,752.5
2021-06-29 09:15:00,946.03451634,3326.5,746.075
2021-06-30 09:15:00,949.18928098,3338.5,747.05
2021-07-01 09:15:00,950.9823025,3332.3501,741.5
2021-07-02 09:15:00,950.05174703,3295.2,738.5
2021-07-05 09:15:00,967.55072925,3302.0,742.275
2021-07-06 09:15:00,962.4213259,3256.1001,748.0
2021-07-07 09:15:00,952.344091,3241.6001,763.85
2021-07-08 09:15:00,944.6272895,3231.8999,756.725
2021-07-09 09:15:00,937.86378534,3201.0,748.75
2021-07-12 09:15:00,941.67674775,3188.3501,742.0
2021-07-13 09:15:00,947.82749248,3175.0,742.05
2021-07-14 09:15:00,944.74077188,3185.0,745.55
2021-07-15 09:15:00,943.49246575,3194.0,749.825
2021-07-16 09:15:00,947.62326959,3192.0,759.4
2021-07-19 09:15:00,949.73399638,3176.0,733.0
2021-07-20 09:15:00,945.989078,3156.1499,718.075
2021-07-22 09:15:00,952.41213503,3190.0,722.5
2021-07-23 09:15:00,954.18250548,3206.6499,717.65
2021-07-26 09:15:00,940.13343284,3190.8501,714.05
2021-07-27 09:15:00,926.924039,3161.1499,718.05
2021-07-28 09:15:00,915.23535437,3132.3999,702.0
2021-07-29 09:15:00,927.5595403,3190.3,706.65
2021-07-30 09:15:00,921.97620745,3162.3501,703.975
2021-08-02 09:15:00,926.53819893,3167.0,708.125
2021-08-03 09:15:00,937.0012739,3218.95,705.0
2021-08-04 09:15:00,947.3508665,3261.2,720.0
2021-08-05 09:15:00,955.18115038,3262.5,728.7
2021-08-06 09:15:00,943.60594813,3265.0,737.0
2021-08-09 09:15:00,938.04531175,3310.0,738.0
2021-08-10 09:15:00,941.33630062,3315.6001,744.5
2021-08-11 09:15:00,945.71667491,3327.1001,745.525
2021-08-12 09:15:00,955.5215975,3326.0,744.65
2021-08-13 09:15:00,957.31461902,3357.5,750.5
2021-08-16 09:15:00,966.03002003,3436.5,760.725
2021-08-17 09:15:00,974.97252197,3463.0,752.65
2021-08-18 09:15:00,977.12868709,3536.6001,754.175
2021-08-20 09:15:00,970.0473415,3500.0,743.025
2021-08-23 09:15:00,967.91387285,3561.8999,754.325
2021-08-24 09:15:00,978.49047559,3594.3999,763.725
2021-08-25 09:15:00,989.61174834,3607.05,774.0
2021-08-26 09:15:00,1000.9145475,3647.8999,771.725
2021-08-27 09:15:00,1005.93046848,3651.1001,772.625
2021-08-30 09:15:00,1015.3495056,3687.6001,775.8
2021-08-31 09:15:00,1017.82342138,3703.45,781.1
2021-09-01 09:15:00,1027.2424585,3707.0,787.25
2021-09-02 09:15:00,1023.6110225,3722.0,785.625
2021-09-03 09:15:00,1045.17267375,3804.55,784.15
2021-09-06 09:15:00,1094.877954,3814.0,780.975
2021-09-07 09:15:00,1094.877954,3808.25,777.6
2021-09-08 09:15:00,1092.44938578,3756.0,782.8
2021-09-09 09:15:00,1096.73911034,3765.0,780.5
2021-09-13 09:15:00,1074.92775248,3767.0,776.825
2021-09-14 09:15:00,1073.997197,3825.0,773.3
2021-09-15 09:15:00,1075.13202075,3866.0,767.5
2021-09-16 09:15:00,1074.4511265,3892.1001,768.15
2021-09-17 09:15:00,1078.35496559,3805.0,779.6
2021-09-20 09:15:00,1075.812915,3807.8501,779.0
2021-09-21 09:15:00,1082.167928,3821.6499,764.475
2021-09-22 09:15:00,1088.63642338,3852.45,765.0
2021-09-23 09:15:00,1110.08459225,3835.0,771.0
2021-09-24 09:15:00,1122.113724,3855.0,787.5
2021-09-27 09:15:00,1123.61169135,3802.8999,804.0
2021-09-28 09:15:00,1140.6340476,3751.25,791.0
2021-09-29 09:15:00,1143.92503648,3722.1499,792.575
2021-09-30 09:15:00,1134.98267072,3750.1001,791.55
2021-10-01 09:15:00,1132.5541025,3725.0,782.625
2021-10-04 09:15:00,1151.64183798,3707.45,791.8
2021-10-05 09:15:00,1156.31735722,3741.6001,788.125
2021-10-06 09:15:00,1158.01959284,3795.0,793.5
2021-10-07 09:15:00,1165.55477715,3820.05,803.5
2021-10-08 09:15:00,1171.81900425,3900.0,800.075
2021-10-11 09:15:00,1200.80244822,3660.0,799.5
2021-10-12 09:15:00,1198.94129188,3630.6001,812.5
2021-10-13 09:15:00,1211.67401435,3645.0,815.0
2021-10-14 09:15:00,1219.7993524,3608.2,819.0
2021-10-18 09:15:00,1208.49650785,3601.45,833.525
2021-10-19 09:15:00,1229.241086,3625.2,835.5
2021-10-20 09:15:00,1221.75124925,3578.3,832.225
2021-10-21 09:15:00,1181.6692744,3511.25,830.425
2021-10-22 09:15:00,1185.43688925,3485.0,835.375
2021-10-25 09:15:00,1166.598815,3450.0,806.9
2021-10-26 09:15:00,1181.64653253,3475.0,823.175
2021-10-27 09:15:00,1189.27259352,3483.0,818.65
2021-10-28 09:15:00,1175.90436975,3415.0,793.575
2021-10-29 09:15:00,1135.59543015,3385.95,780.0
2021-11-01 09:15:00,1132.14561134,3412.95,791.775
2021-11-02 09:15:00,1132.66758487,3469.75,800.025
2021-11-03 09:15:00,1117.1204995,3466.05,787.775
2021-11-04 18:00:00,1130.284455,3505.0,795.05
2021-11-08 09:15:00,1115.03237841,3481.2,785.225
2021-11-09 09:15:00,1128.94536298,3496.0,784.525
2021-11-10 09:15:00,1136.48054728,3480.2,775.0
2021-11-11 09:15:00,1150.96094373,3436.0,767.8
2021-11-12 09:15:00,1160.6977315,3485.7,772.525
2021-11-15 09:15:00,1166.598815,3528.0,777.2
2021-11-16 09:15:00,1132.5541025,3542.0,770.8
2021-11-17 09:15:00,1117.1204995,3506.3999,764.25
2021-11-18 09:15:00,1112.14997148,3451.6001,762.625
2021-11-22 09:15:00,1067.1882545,3440.3,749.525
2021-11-23 09:15:00,1048.1232155,3407.8,748.175
2021-11-24 09:15:00,1063.80647973,3424.0,757.025
2021-11-25 09:15:00,1069.97987553,3434.05,753.5
2021-11-26 09:15:00,1090.11169425,3411.8999,742.5
2021-11-29 09:15:00,1089.02230884,3406.45,731.0
2021-11-30 09:15:00,1084.36953147,3491.0,743.275
2021-12-01 09:15:00,1100.82447584,3535.0,744.55
2021-12-02 09:15:00,1117.39290259,3574.1001,750.0
2021-12-03 09:15:00,1089.4308,3630.8501,753.525
2021-12-06 09:15:00,1069.97987553,3522.0,748.675
2021-12-07 09:15:00,1071.27362,3524.3,754.95
2021-12-08 09:15:00,1092.29055585,3601.0,767.0
2021-12-09 09:15:00,1100.7790375,3566.0,761.0
2021-12-10 09:15:00,1103.20760572,3575.1001,754.225
2021-12-13 09:15:00,1091.246518,3601.7,753.6
2021-12-14 09:15:00,1077.35622991,3576.7,748.525
2021-12-15 09:15:00,1071.77298784,3558.1499,747.825
2021-12-16 09:15:00,1075.20006478,3570.0,747.0
2021-12-17 09:15:00,1053.11644,3573.7,733.85
2021-12-20 09:15:00,1020.02502484,3510.1499,707.05
2021-12-21 09:15:00,1040.4971999,3566.3999,715.0
2021-12-22 09:15:00,1054.024299,3606.25,717.85
2021-12-23 09:15:00,1070.38845748,3630.0,718.425
2021-12-24 09:15:00,1061.08290273,3644.8,714.0
2021-12-27 09:15:00,1065.87190434,3653.1001,711.075
2021-12-28 09:15:00,1077.19739998,3693.8501,726.7
2021-12-29 09:15:00,1081.30550734,3685.0,723.7
2021-12-30 09:15:00,1064.73708059,3680.0,722.5
2021-12-31 09:15:00,1071.27362,3731.3,730.75
2022-01-03 09:15:00,1072.88506973,3745.0,740.25
2022-01-04 09:15:00,1091.246518,3811.7,753.9
2022-01-05 09:15:00,1104.38777702,3812.3999,764.05
2022-01-06 09:15:00,1093.5161655,3772.0,765.025
2022-01-07 09:15:00,1094.67368573,3796.3999,767.95
2022-01-10 09:15:00,1096.71636848,3861.0,772.75
2022-01-11 09:15:00,1105.3183325,3856.0,773.9
2022-01-12 09:15:00,1118.9362175,3836.55,776.0
2022-01-13 09:15:00,1138.63671241,3857.0,760.2
2022-01-14 09:15:00,1146.55787297,3860.05,759.5
2022-01-17 09:15:00,1151.6191415,3962.3,759.575
2022-01-18 09:15:00,1141.97313963,3980.0,761.5
2022-01-19 09:15:00,1138.9091155,3910.5,756.675
2022-01-20 09:15:00,1114.3969225,3811.0,750.05
2022-01-21 09:15:00,1113.035134,3771.1001,742.8
2022-01-24 09:15:00,1069.04941084,3740.1001,733.775
2022-01-25 09:15:00,1046.3074975,3722.2,722.0
2022-01-27 09:15:00,1049.05377098,3625.1001,717.5
2022-01-28 09:15:00,1056.92940241,3646.0,730.0
2022-01-31 09:15:00,1069.5486879,3721.3999,733.4
2022-02-01 09:15:00,1065.41797484,3736.3999,736.725
2022-02-02 09:15:00,1078.12800084,3800.6499,752.8
2022-02-03 09:15:00,1065.4633224,3816.05,754.5
2022-02-04 09:15:00,1053.61580784,3769.0,757.05
2022-02-07 09:15:00,1046.3074975,3756.1499,730.0
2022-02-08 09:15:00,1048.577145,3721.0,722.275
2022-02-09 09:15:00,1070.365761,3746.1001,733.5
2022-02-10 09:15:00,1073.58870584,3758.0,750.825
2022-02-11 09:15:00,1064.05618634,3690.0,749.75
2022-02-14 09:15:00,1049.9389335,3710.0,734.65
2022-02-15 09:15:00,1060.24313315,3748.0,736.525
2022-02-16 09:15:00,1087.59238552,3806.0,753.5
2022-02-17 09:15:00,1093.970095,3779.0,751.0
2022-02-18 09:15:00,1098.57743403,3757.6001,745.225
2022-02-21 09:15:00,1082.44033109,3705.55,747.775
2022-02-22 09:15:00,1065.44058053,3570.0,743.975
2022-02-23 09:15:00,1074.905056,3555.6499,747.825
2022-02-24 09:15:00,1018.34539491,3391.1001,703.575
2022-02-25 09:15:00,1033.25702437,3462.0,716.425
2022-02-28 09:15:00,1018.1638685,3455.8999,707.025
2022-03-02 09:15:00,1057.2925914,3506.0,677.2
2022-03-03 09:15:00,1075.83561148,3530.1001,681.45
2022-03-04 09:15:00,1053.27536072,3487.05,668.45
2022-03-07 09:15:00,1008.631349,3431.55,648.525
2022-03-08 09:15:00,989.56631,3460.0,646.0
2022-03-09 09:15:00,1014.14654703,3597.05,659.425
2022-03-10 09:15:00,1071.27362,3615.0,690.125
2022-03-11 09:15:00,1078.55918848,3592.8501,686.35
2022-03-14 09:15:00,1077.628633,3580.0,707.5
2022-03-15 09:15:00,1062.58091547,3585.3999,705.875
2022-03-16 09:15:00,1079.03585984,3616.25,718.1
2022-03-17 09:15:00,1096.28518084,3660.3,735.275
2022-03-21 09:15:00,1107.1340505,3615.0,736.4
2022-03-22 09:15:00,1113.76146659,3625.0,728.6
2022-03-23 09:15:00,1145.2641285,3690.0,736.8
2022-03-24 09:15:00,1139.363045,3695.0,717.275
2022-03-25 09:15:00,1169.7763215,3672.0,709.5
2022-03-28 09:15:00,1174.08865175,3661.2,700.8
2022-03-29 09:15:00,1183.57573291,3691.0,715.0
2022-03-30 09:15:00,1187.97893984,3706.2,727.025
2022-03-31 09:15:00,1193.19912909,3720.2,732.95
2022-04-01 09:15:00,1190.203149,3728.05,735.15
2022-04-04 09:15:00,1199.12281828,3737.1001,781.275
2022-04-05 09:15:00,1189.61304065,3772.0,801.0
2022-04-06 09:15:00,1174.36105484,3731.1499,773.675
2022-04-07 09:15:00,1165.2370265,3679.0,756.85
2022-04-08 09:15:00,1162.05952,3642.5,748.65
2022-04-11 09:15:00,1172.4998985,3656.1001,746.625
2022-04-12 09:15:00,1159.97139891,3648.3501,740.075
2022-04-13 09:15:00,1155.47754225,3655.55,731.325
2022-04-18 09:15:00,1144.7194131,3522.5,695.025
2022-04-19 09:15:00,1157.99685098,3439.1499,663.5
2022-04-20 09:15:00,1202.50468384,3480.0,667.675
2022-04-21 09:15:00,1240.135394,3567.3999,676.65
2022-04-22 09:15:00,1245.6733339,3571.5,674.575
2022-04-25 09:15:00,1209.10926728,3533.1001,661.125
2022-04-26 09:15:00,1229.10490715,3518.1499,678.575
2022-04-27 09:15:00,1250.59846898,3506.3,678.05
2022-04-28 09:15:00,1264.69302534,3538.05,681.05
2022-04-29 09:15:00,1260.69840035,3536.8501,685.775
2022-05-02 09:15:00,1251.96025748,3492.75,681.025
2022-05-04 09:15:00,1214.85152085,3465.3,675.0
2022-05-05 09:15:00,1194.742444,3485.3501,673.25
2022-05-06 09:15:00,1177.28885473,3424.5,656.5
2022-05-09 09:15:00,1138.0012565,3346.8501,647.75
2022-05-10 09:15:00,1115.758711,3422.0,657.525
2022-05-11 09:15:00,1099.39455252,3382.1499,664.325
2022-05-12 09:15:00,1075.812915,3350.1001,646.5
2022-05-13 09:15:00,1096.39866322,3382.1499,643.5
2022-05-16 09:15:00,1096.98868078,3366.6001,642.65
2022-05-17 09:15:00,1103.956544,3350.3999,649.1
2022-05-18 09:15:00,1138.56866838,3443.05,655.0
2022-05-19 09:15:00,1119.41284348,3230.0,639.15
2022-05-20 09:15:00,1135.731609,3270.05,646.175
2022-05-23 09:15:00,1177.0391935,3267.0,649.55
2022-05-24 09:15:00,1179.17266215,3275.6001,648.45
2022-05-25 09:15:00,1180.89759425,3154.05,661.6
2022-05-26 09:15:00,1156.612366,3180.55,670.0
2022-05-27 09:15:00,1153.02636834,3229.2,685.375
2022-05-30 09:15:00,1177.5839089,3286.3501,699.225
2022-05-31 09:15:00,1187.34339315,3325.0,690.0
2022-06-01 09:15:00,1187.5703579,3340.05,689.575
2022-06-02 09:15:00,1195.650303,3346.3,689.3
2022-06-03 09:15:00,1244.674689,3431.2,688.15
2022-06-06 09:15:00,1249.1231981,3377.1499,680.325
2022-06-07 09:15:00,1249.23668048,3356.0,677.05
2022-06-08 09:15:00,1233.00870085,3346.5,678.5
2022-06-09 09:15:00,1230.148945,3353.1001,678.575
2022-06-10 09:15:00,1226.29054425,3352.0,671.8
2022-06-13 09:15:00,1187.61575085,3192.45,654.15
2022-06-14 09:15:00,1186.32205177,3174.7,652.5
2022-06-15 09:15:00,1173.13535441,3201.0,649.2
2022-06-16 09:15:00,1159.335943,3133.05,639.0
2022-06-17 09:15:00,1160.28924034,3023.8501,635.8
2022-06-20 09:15:00,1144.40170784,3069.0,647.075
2022-06-21 09:15:00,1147.66995485,3125.3999,662.025
2022-06-22 09:15:00,1135.2776795,3183.0,661.6
2022-06-23 09:15:00,1109.8576275,3222.95,659.25
2022-06-24 09:15:00,1120.298006,3277.5,669.275
2022-06-27 09:15:00,1126.44875073,3306.5,676.0
2022-06-28 09:15:00,1126.69845734,3272.6001,669.2
2022-06-29 09:15:00,1135.2776795,3271.0,665.625
2022-06-30 09:15:00,1164.783097,3255.0,668.0
2022-07-01 09:15:00,1073.5432675,3252.05,665.025
2022-07-04 09:15:00,1074.04263534,3225.05,671.125
2022-07-05 09:15:00,1097.19303984,3206.95,674.15
2022-07-06 09:15:00,1083.983646,3202.25,673.55
2022-07-07 09:15:00,1078.0825625,3265.05,687.225
2022-07-08 09:15:00,1081.50973023,3250.0,697.375
2022-07-11 09:15:00,1075.812915,3106.0,696.625
2022-07-12 09:15:00,1091.246518,3080.25,694.7
2022-07-13 09:15:00,1077.1747035,3035.0,677.125
2022-07-14 09:15:00,1078.96772502,2967.0,674.625
2022-07-15 09:15:00,1081.75943684,2953.0,673.4
2022-07-18 09:15:00,1085.93554285,3014.3,671.025
2022-07-19 09:15:00,1089.56697885,3030.05,668.5
2022-07-20 09:15:00,1128.58221938,3098.05,677.625
2022-07-21 09:15:00,1119.98025535,3144.05,679.05
2022-07-22 09:15:00,1132.5541025,3143.5,681.2
2022-07-25 09:15:00,1090.7925885,3149.1001,691.65
2022-07-26 09:15:00,1094.58294522,3096.5,693.15
2022-07-27 09:15:00,1090.338659,3110.0,692.125
2022-07-28 09:15:00,1098.9633195,3201.6499,705.5
2022-07-29 09:15:00,1118.482288,3275.0,707.65
2022-08-01 09:15:00,1138.27365959,3271.0,715.025
2022-08-02 09:15:00,1162.76311073,3271.6499,711.525
2022-08-03 09:15:00,1165.44129478,3277.05,708.5
2022-08-04 09:15:00,1150.7112825,3307.3501,706.475
2022-08-05 09:15:00,1147.05715002,3355.0,710.575
2022-08-08 09:15:00,1148.8955645,3336.0,713.55
2022-08-10 09:15:00,1160.72042798,3335.0,724.525
2022-08-11 09:15:00,1171.2288959,3375.05,737.275
2022-08-12 09:15:00,1172.1367549,3381.25,737.975
2022-08-16 09:15:00,1192.60897535,3387.5,744.025
2022-08-17 09:15:00,1205.43248373,3371.1001,742.875
2022-08-18 09:15:00,1198.4646659,3362.0,749.825
2022-08-19 09:15:00,1182.46365103,3371.25,745.0
2022-08-22 09:15:00,1173.861687,3347.3999,733.85
2022-08-23 09:15:00,1176.29025522,3270.0,725.2
2022-08-24 09:15:00,1196.26315322,3250.2,729.6
2022-08-25 09:15:00,1190.47555209,3214.75,728.5
2022-08-26 09:15:00,1183.3942065,3216.8,730.6
2022-08-29 09:15:00,1170.25294748,3081.0,714.3
2022-08-30 09:15:00,1169.59479509,3142.1001,721.55
2022-09-01 09:15:00,1157.83797565,3121.0,729.5
2022-09-02 09:15:00,1146.48973815,3120.3,732.6
2022-09-05 09:15:00,1148.8955645,3112.25,742.05
2022-09-06 09:15:00,1167.506674,3106.3501,743.225
2022-09-07 09:15:00,1166.598815,3102.0,735.65
2022-09-08 09:15:00,1167.0527445,3160.1001,741.075
2022-09-09 09:15:00,1163.875238,3168.5,747.025
2022-09-12 09:15:00,1166.84847623,3225.0,745.0
2022-09-13 09:15:00,1180.6706295,3225.0,749.275
2022-09-14 09:15:00,1167.84712113,3113.8,746.175
2022-09-15 09:15:00,1160.58424913,3100.0,756.0
2022-09-16 09:15:00,1130.7383845,3000.0,741.5
2022-09-19 09:15:00,1126.35801022,2987.8,740.0
2022-09-20 09:15:00,1132.41792365,3030.0,754.95
2022-09-21 09:15:00,1132.5541025,2998.1499,752.5
2022-09-22 09:15:00,1122.15916234,2979.3,741.375
2022-09-23 09:15:00,1105.81770034,2979.0,718.5
2022-09-26 09:15:00,1078.15060653,2926.1001,709.0
2022-09-27 09:15:00,1071.31905834,2976.0,703.5
2022-09-28 09:15:00,1056.33938484,2980.0,692.95
2022-09-29 09:15:00,1049.9389335,2990.0,689.4
2022-09-30 09:15:00,1049.0310745,2950.1001,682.5
2022-10-03 09:15:00,1072.6354085,2974.0,700.55
2022-10-04 09:15:00,1084.95954903,3023.0,713.075
2022-10-06 09:15:00,1097.66957503,3092.45,717.1
2022-10-07 09:15:00,1096.08082178,3058.1001,710.175
2022-10-10 09:15:00,1083.983646,3005.0,699.1
2022-10-11 09:15:00,1067.23369284,3053.3501,699.725
2022-10-12 09:15:00,1063.60225684,3062.05,698.65
2022-10-13 09:15:00,1071.31905834,3052.3501,692.0
2022-10-14 09:15:00,1075.40442384,3071.0,707.625
2022-10-17 09:15:00,1063.82922159,3071.45,713.5
2022-10-18 09:15:00,1098.57743403,3128.55,720.0
2022-10-19 09:15:00,1108.35966015,3112.0,726.7
2022-10-20 09:15:00,1128.0148075,3105.0,721.25
2022-10-21 09:15:00,1119.8440765,3127.0,717.0
2022-10-24 18:15:00,1114.53310135,3155.0,727.15
2022-10-25 09:15:00,1106.680121,3151.1499,722.5
2022-10-27 09:15:00,1104.3196876,3134.3501,725.625
2022-10-28 09:15:00,1116.41690878,3145.0,723.7
2022-10-31 09:15:00,1149.4402799,3177.8,733.625
2022-11-01 09:15:00,1138.455186,3203.45,749.45
2022-11-02 09:15:00,1141.6326925,3222.05,755.8
2022-11-03 09:15:00,1146.19468398,3195.0,748.5
2022-11-04 09:15:00,1158.01959284,3166.1499,744.8
2022-11-07 09:15:00,1168.414533,3195.1001,746.05
2022-11-09 09:15:00,1175.70010148,3201.6499,752.0
2022-11-10 09:15:00,1163.4213085,3170.0,747.525
2022-11-11 09:15:00,1174.769546,3255.05,769.0
2022-11-14 09:15:00,1182.55439153,3309.0,799.0
2022-11-15 09:15:00,1175.677405,3292.0,802.625
2022-11-16 09:15:00,1171.75096022,3321.45,806.0
2022-11-17 09:15:00,1171.13811,3317.75,806.95
2022-11-18 09:15:00,1167.09818284,3321.0,802.625
2022-11-21 09:15:00,1154.38815684,3273.0,795.1
2022-11-22 09:15:00,1151.39217675,3255.25,795.5
2022-11-23 09:15:00,1158.54156638,3291.0,797.0
2022-11-24 09:15:00,1156.7031519,3308.3,799.575
2022-11-25 09:15:00,1172.09140734,3348.0,807.05
2022-11-28 09:15:00,1184.25662716,3365.55,797.025
2022-11-29 09:15:00,1222.886073,3383.0,796.425
2022-11-30 09:15:00,1224.7925769,3375.0,798.55
2022-12-01 09:15:00,1232.872522,3420.0,807.5
2022-12-02 09:15:00,1225.88205309,3413.0,802.575
2022-12-05 09:15:00,1215.623201,3407.0,798.1
2022-12-06 09:15:00,1207.9063995,3368.0,800.0
2022-12-07 09:15:00,1199.34978303,3354.0,802.225
2022-12-08 09:15:00,1198.41931834,3339.45,802.5
2022-12-09 09:15:00,1181.05651497,3276.3501,810.0
2022-12-12 09:15:00,1173.4077575,3236.1001,810.7
2022-12-13 09:15:00,1183.25802765,3267.8,822.5
2022-12-14 09:15:00,1185.2099245,3340.8999,825.0
2022-12-15 09:15:00,1167.0527445,3298.95,813.525
2022-12-16 09:15:00,1161.21970503,3225.2,804.5
2022-12-19 09:15:00,1165.10084765,3194.5,813.1
2022-12-20 09:15:00,1164.783097,3163.6499,810.1
2022-12-21 09:15:00,1169.36783034,3240.0,803.275
2022-12-22 09:15:00,1165.12354412,3245.1001,804.5
2022-12-23 09:15:00,1131.30579638,3217.0,792.725
2022-12-26 09:15:00,1131.37384041,3225.05,795.0
2022-12-27 09:15:00,1141.74617488,3231.5,806.75
2022-12-28 09:15:00,1144.58323425,3226.0,811.55
2022-12-29 09:15:00,1146.39895225,3228.0,805.5
2022-12-30 09:15:00,1153.48029784,3246.2,810.0
2023-01-02 09:15:00,1156.7031519,3235.2,809.275
2023-01-03 09:15:00,1156.5215801,3245.3,811.1
2023-01-04 09:15:00,1141.178763,3286.2,803.5
2023-01-05 09:15:00,1136.639468,3281.95,794.7
2023-01-06 09:15:00,1143.13065985,3200.0,789.1
2023-01-09 09:15:00,1154.50163922,3221.1499,795.0
2023-01-10 09:15:00,1155.704507,3230.1001,782.5
2023-01-11 09:15:00,1144.40170784,3271.1499,780.0
2023-01-12 09:15:00,1118.9362175,3315.55,792.075
2023-01-13 09:15:00,1105.13680609,3305.0,793.0
2023-01-16 09:15:00,1101.6868965,3298.05,790.15
2023-01-17 09:15:00,1112.39967809,3321.0,788.75
2023-01-18 09:15:00,1116.82549072,3372.25,799.85
2023-01-19 09:15:00,1115.14586078,3361.0,816.5
2023-01-20 09:15:00,1106.33967388,3355.6001,821.7
2023-01-23 09:15:00,1100.7790375,3355.6001,830.7
2023-01-24 09:15:00,1083.68863722,3417.3,837.5
2023-01-25 09:15:00,1080.35221,3405.0,822.65
2023-01-27 09:15:00,1049.32608328,3382.3,794.975
2023-01-30 09:15:00,1044.4917795,3385.55,791.0
2023-01-31 09:15:00,1062.6489595,3351.0,797.5
2023-02-01 09:15:00,1046.3074975,3355.0,803.0
2023-02-02 09:15:00,1049.0310745,3420.1001,794.375
2023-02-03 09:15:00,1040.8603435,3452.8999,803.5
2023-02-06 09:15:00,1046.6706411,3436.8501,823.1
2023-02-07 09:15:00,1040.8603435,3461.3999,816.3
2023-02-08 09:15:00,1047.2153565,3478.05,825.0
2023-02-09 09:15:00,1059.471453,3505.3,817.775
2023-02-10 09:15:00,1053.70654835,3508.1499,821.1
2023-02-13 09:15:00,1050.18859473,3473.3999,822.275
2023-02-14 09:15:00,1054.77323728,3495.0,828.975
2023-02-15 09:15:00,1077.1747035,3460.1499,828.375
2023-02-16 09:15:00,1100.80173398,3527.0,830.5
2023-02-17 09:15:00,1094.24249809,3490.0,821.475
2023-02-20 09:15:00,1094.01553334,3475.05,817.4
2023-02-21 09:15:00,1095.03687472,3444.75,817.0
2023-02-22 09:15:00,1078.10525898,3395.0,804.525
2023-02-23 09:15:00,1071.88647022,3408.0,796.05
2023-02-24 09:15:00,1074.905056,3382.3,792.6
2023-02-27 09:15:00,1067.50600515,3316.0,788.65
2023-02-28 09:15:00,1050.23394228,3299.8999,794.35
2023-03-01 09:15:00,1054.59171088,3315.0,797.875
2023-03-02 09:15:00,1053.84277259,3318.0,791.0
2023-03-03 09:15:00,1062.89862073,3331.1001,794.0
2023-03-06 09:15:00,1089.4308,3359.0,809.025
2023-03-08 09:15:00,1082.6218575,3330.8501,810.0
2023-03-09 09:15:00,1069.04941084,3330.8501,813.5
2023-03-10 09:15:00,1050.86948898,3290.0,792.5
2023-03-13 09:15:00,1032.6896125,3272.0,782.475
2023-03-14 09:15:00,1029.98873198,3209.3999,779.65
2023-03-15 09:15:00,1011.08252291,3192.0,768.3
2023-03-16 09:15:00,999.6435449,3172.0,766.025
2023-03-17 09:15:00,1004.40980465,3144.0,770.0
2023-03-20 09:15:00,989.56631,3095.05,772.7
2023-03-21 09:15:00,1006.3617015,3097.45,778.1
2023-03-22 09:15:00,1030.419965,3106.1001,782.65
2023-03-23 09:15:00,1018.18656498,3101.0,779.275
2023-03-24 09:15:00,997.737041,3106.0,777.475
2023-03-27 09:15:00,998.7356859,3106.0,779.45
2023-03-28 09:15:00,1015.4402915,3110.1499,782.05
2023-03-29 09:15:00,1003.68356284,3104.1001,790.95
2023-03-31 09:15:00,1023.47484365,3152.0,796.2
2023-04-03 09:15:00,1050.8467925,3173.75,801.375
2023-04-05 09:15:00,1047.91894723,3185.5,808.0
2023-04-06 09:15:00,1052.27662503,3215.0,823.55
2023-04-10 09:15:00,1053.82003073,3215.0,827.0
2023-04-11 09:15:00,1054.95485448,3192.1499,825.55
2023-04-12 09:15:00,1057.67843148,3199.0,833.9
2023-04-13 09:15:00,1063.102889,3180.0,839.075
2023-04-17 09:15:00,1066.30309198,3070.25,826.65
2023-04-18 09:15:00,1055.840017,3110.6001,828.2
2023-04-19 09:15:00,1058.6543799,3071.5,828.575
2023-04-20 09:15:00,1058.60903234,3078.0,833.2
2023-04-21 09:15:00,1060.56083841,3100.8,831.625
2023-04-24 09:15:00,1065.826466,3126.1499,837.05
2023-04-25 09:15:00,1066.96128975,3147.5,830.95
2023-04-26 09:15:00,1068.57273948,3181.0,827.5
2023-04-27 09:15:00,1073.089338,3170.6499,832.925
2023-04-28 09:15:00,1081.14658663,3196.25,835.0
2023-05-02 09:15:00,1102.18626434,3210.0,841.0
2023-05-03 09:15:00,1095.35457998,3173.1499,839.825
2023-05-04 09:15:00,1096.05821609,3178.0,843.55
2023-05-05 09:15:00,1105.772262,3210.05,811.05
2023-05-08 09:15:00,1109.47174203,3231.3,815.0
2023-05-09 09:15:00,1118.14184088,3246.0,819.975
2023-05-10 09:15:00,1126.2898754,3266.05,816.55
2023-05-11 09:15:00,1124.17910323,3272.0,824.625
2023-05-12 09:15:00,1115.07781675,3260.0,822.125
2023-05-15 09:15:00,1122.63569753,3248.3501,832.55
2023-05-16 09:15:00,1112.19531903,3250.45,822.0
2023-05-17 09:15:00,1102.5947555,3198.25,812.675
2023-05-18 09:15:00,1101.75494053,3195.0,820.0
2023-05-19 09:15:00,1097.98741647,3203.05,815.775
2023-05-22 09:15:00,1104.11546472,3217.05,816.35
2023-05-23 09:15:00,1112.78547277,3290.1001,816.725
2023-05-24 09:15:00,1104.61474177,3276.0,806.8
2023-05-25 09:15:00,1096.71636848,3267.1001,798.675
2023-05-26 09:15:00,1112.46772213,3291.0,801.125
2023-05-29 09:15:00,1138.0920424,3312.0,812.425
2023-05-30 09:15:00,1141.33768372,3301.3501,814.275
2023-05-31 09:15:00,1117.1204995,3265.1499,802.325
2023-06-01 09:15:00,1115.758711,3297.5,800.0
2023-06-02 09:15:00,1112.5812045,3297.45,800.5
2023-06-05 09:15:00,1115.96297928,3285.05,801.225
2023-06-06 09:15:00,1117.574429,3220.6001,796.125
2023-06-07 09:15:00,1122.38612709,3241.0,798.0
2023-06-08 09:15:00,1130.7383845,3233.0,801.625
2023-06-09 09:15:00,1124.837301,3205.3501,803.5
2023-06-12 09:15:00,1118.9362175,3211.0,799.725
2023-06-13 09:15:00,1128.58221938,3239.0,795.05
2023-06-14 09:15:00,1142.5405515,3225.8501,800.1
2023-06-15 09:15:00,1150.93824725,3210.0,789.5
2023-06-16 09:15:00,1162.1503059,3156.0,792.0
2023-06-19 09:15:00,1154.18379778,3175.0,799.175
2023-06-20 09:15:00,1150.7112825,3201.05,795.325
2023-06-21 09:15:00,1156.612366,3223.95,805.5
2023-06-22 09:15:00,1149.349494,3230.1001,819.525
2023-06-23 09:15:00,1140.270904,3209.1499,817.025
2023-06-26 09:15:00,1129.69434665,3173.0,814.35
2023-06-27 09:15:00,1128.76374578,3182.3,819.275
2023-06-28 09:15:00,1133.84784697,3193.3999,830.25
2023-06-30 09:15:00,1150.00769177,3214.1001,841.625
2023-07-03 09:15:00,1159.94879322,3268.75,855.0
2023-07-04 09:15:00,1168.07408588,3277.3,856.9
2023-07-05 09:15:00,1169.2316061,3305.0,834.275
2023-07-06 09:15:00,1169.34508848,3302.0,830.2
2023-07-07 09:15:00,1192.926726,3302.0,828.15
2023-07-10 09:15:00,1214.2614125,3265.2,824.85
2023-07-11 09:15:00,1242.67744459,3260.8,822.75
2023-07-12 09:15:00,1253.59435828,3250.1001,813.575
2023-07-13 09:15:00,1242.51852388,3272.75,819.025
2023-07-14 09:15:00,1237.00332584,3352.0,817.5
2023-07-17 09:15:00,1238.319676,3477.05,816.5
2023-07-18 09:15:00,1267.8250935,3465.0,835.0
2023-07-19 09:15:00,1269.6408115,3445.6499,837.5
2023-07-20 09:15:00,1290.0,3436.05,840.0
2023-07-21 09:15:00,1261.80005,3359.05,836.625
2023-07-24 09:15:00,1234.65,3372.1001,835.05
2023-07-25 09:15:00,1240.0,3380.2,839.2
2023-07-26 09:15:00,1242.5,3385.0,844.0
2023-07-27 09:15:00,1245.17505,3385.05,833.725
2023-07-28 09:15:00,1250.275,3331.0,820.55
2023-07-31 09:15:00,1258.975,3360.8999,819.35
2023-08-01 09:15:00,1252.65,3415.0,825.0
2023-08-02 09:15:00,1231.80005,3413.6001,816.575
2023-08-03 09:15:00,1229.025,3368.0,811.5
2023-08-04 09:15:00,1235.80005,3401.25,814.625
2023-08-07 09:15:00,1252.5,3441.25,823.775
2023-08-08 09:15:00,1249.775,3456.6001,821.025
2023-08-09 09:15:00,1240.55005,3425.05,815.55
2023-08-10 09:15:00,1254.225,3430.05,815.5
2023-08-11 09:15:00,1256.17505,3414.0,808.1
2023-08-14 09:15:00,1262.5,3411.0,800.125
2023-08-16 09:15:00,1275.5,3435.2,790.65
2023-08-17 09:15:00,1266.42505,3413.2,797.0
2023-08-18 09:15:00,1254.275,3356.5,792.75
2023-08-21 09:15:00,1257.82495,3372.0,793.5
2023-08-22 09:15:00,1249.5,3365.05,790.0
2023-08-23 09:15:00,1258.475,3376.0,786.625
2023-08-24 09:15:00,1235.5,3378.1001,788.075
2023-08-25 09:15:00,1221.30005,3350.25,779.2
2023-08-28 09:15:00,1215.55005,3360.1001,780.75
2023-08-29 09:15:00,1204.07495,3365.0,790.725
2023-08-30 09:15:00,1207.5,3383.05,786.85
2023-08-31 09:15:00,1199.94995,3343.6499,781.55
2023-09-01 09:15:00,1200.82495,3356.8,779.675
2023-09-04 09:15:00,1202.65,3370.05,787.45
2023-09-05 09:15:00,1206.225,3405.1499,785.3
2023-09-06 09:15:00,1208.625,3398.1001,787.45
2023-09-07 09:15:00,1205.5,3422.3,793.575
2023-09-08 09:15:00,1211.475,3435.05,803.8
2023-09-11 09:15:00,1226.0,3445.0,812.0
2023-09-12 09:15:00,1217.975,3483.0,812.525
2023-09-13 09:15:00,1213.125,3545.0,814.3
2023-09-14 09:15:00,1222.5,3545.6001,817.55
2023-09-15 09:15:00,1224.75,3562.45,825.0
2023-09-18 09:15:00,1216.025,3575.25,813.05
2023-09-20 09:15:00,1177.5,3580.0,780.2
2023-09-21 09:15:00,1180.0,3528.0,768.525
2023-09-22 09:15:00,1175.0,3565.05,761.875
2023-09-25 09:15:00,1167.55005,3558.6499,762.5
2023-09-26 09:15:00,1167.80005,3536.0,762.5
2023-09-27 09:15:00,1169.25,3555.7,757.5
2023-09-28 09:15:00,1162.5,3527.3501,759.175
2023-09-29 09:15:00,1167.05005,3505.55,761.15
2023-10-03 09:15:00,1158.0,3480.1001,753.0
2023-10-04 09:15:00,1147.55005,3477.3,744.625
2023-10-05 09:15:00,1154.5,3551.2,766.3
2023-10-06 09:15:00,1156.025,3575.05,764.925
2023-10-09 09:15:00,1147.5,3631.0,756.0
2023-10-10 09:15:00,1151.875,3601.3501,757.6
2023-10-11 09:15:00,1156.5,3605.0,764.25
2023-10-12 09:15:00,1169.07495,3538.1001,765.8
2023-10-13 09:15:00,1164.57495,3525.0,764.975
2023-10-16 09:15:00,1168.0,3519.1001,760.25
2023-10-17 09:15:00,1170.65,3503.3501,767.5
2023-10-18 09:15:00,1160.5,3484.0,759.05
2023-10-19 09:15:00,1150.5,3451.8999,751.6
2023-10-20 09:15:00,1148.15,3444.05,752.5
2023-10-23 09:15:00,1127.625,3401.3,750.05
2023-10-25 09:15:00,1121.5,3377.2,745.725
2023-10-26 09:15:00,1110.15,3330.0,730.125
2023-10-27 09:15:00,1117.975,3337.0,733.45
2023-10-30 09:15:00,1134.975,3333.75,730.95
2023-10-31 09:15:00,1141.44995,3350.05,737.0
2023-11-01 09:15:00,1137.6,3311.0,731.125
2023-11-02 09:15:00,1153.975,3343.2,733.575
2023-11-03 09:15:00,1157.875,3344.3,740.825
2023-11-06 09:15:00,1162.80005,3359.0,741.5
2023-11-07 09:15:00,1159.775,3366.0,738.6
2023-11-08 09:15:00,1160.875,3369.55,740.5
2023-11-09 09:15:00,1152.1,3342.05,741.75
2023-11-10 09:15:00,1149.025,3322.3501,740.025
2023-11-12 18:15:00,1161.25,3345.0,748.075
2023-11-13 09:15:00,1155.85,3327.0,742.95
2023-11-15 09:15:00,1163.5,3356.05,750.275
2023-11-16 09:15:00,1173.475,3414.2,751.875
2023-11-17 09:15:00,1176.025,3492.55,744.5
2023-11-20 09:15:00,1168.19995,3491.25,750.775
2023-11-21 09:15:00,1180.1,3501.0,756.05
2023-11-22 09:15:00,1186.1,3481.1001,751.775
2023-11-23 09:15:00,1194.1,3500.0,754.25
2023-11-24 09:15:00,1195.525,3453.0,759.925
2023-11-28 09:15:00,1187.625,3433.0,762.9
2023-11-29 09:15:00,1199.025,3475.8,766.5
2023-11-30 09:15:00,1184.94995,3481.0,771.075
2023-12-01 09:15:00,1188.80005,3490.05,776.05
2023-12-04 09:15:00,1199.30005,3498.0,786.825
2023-12-05 09:15:00,1210.82495,3502.8,808.25
2023-12-06 09:15:00,1217.5,3525.1499,808.325
2023-12-07 09:15:00,1221.0,3591.7,808.1
2023-12-08 09:15:00,1222.5,3602.05,815.225
2023-12-11 09:15:00,1226.19995,3615.0,823.5
2023-12-12 09:15:00,1210.07495,3631.0,815.925
2023-12-13 09:15:00,1203.15,3563.0,807.55
2023-12-14 09:15:00,1221.32495,3627.6001,822.5
2023-12-15 09:15:00,1235.025,3666.7,823.3
2023-12-18 09:15:00,1245.475,3830.1499,825.475
2023-12-19 09:15:00,1262.6,3790.0,822.025
2023-12-20 09:15:00,1260.0,3766.55,822.225
2023-12-21 09:15:00,1259.125,3743.3501,825.125
2023-12-22 09:15:00,1273.82495,3762.0,833.55
2023-12-26 09:15:00,1281.35,3790.1499,834.275
2023-12-27 09:15:00,1286.55005,3768.0,839.3
2023-12-28 09:15:00,1293.42505,3792.1001,851.0
2023-12-29 09:15:00,1289.65,3765.3999,848.0
2024-01-01 09:15:00,1286.57495,3773.0,846.0
2024-01-02 09:15:00,1286.5,3767.25,844.35
2024-01-03 09:15:00,1288.6,3687.05,834.475
2024-01-04 09:15:00,1289.55005,3651.0,835.35
2024-01-05 09:15:00,1299.0,3674.8501,834.05
2024-01-08 09:15:00,1284.475,3672.3999,830.0
2024-01-09 09:15:00,1288.6,3682.75,823.375
2024-01-10 09:15:00,1287.525,3688.0,820.7
2024-01-11 09:15:00,1328.5,3707.0,821.5
2024-01-12 09:15:00,1345.75,3821.6001,816.8
2024-01-15 09:15:00,1366.0,3885.0,821.8
2024-01-16 09:15:00,1370.5,3855.55,829.05
2024-01-17 09:15:00,1355.025,3812.55,764.2
2024-01-18 09:15:00,1351.25,3862.0,740.025
2024-01-19 09:15:00,1359.0,3915.05,734.2
2024-01-20 09:15:00,1350.0,3855.55,738.0
2024-01-23 09:15:00,1322.55005,3842.75,712.5
2024-01-24 09:15:00,1323.92505,3805.6001,690.125
2024-01-25 09:15:00,1335.19995,3778.7,709.7
2024-01-29 09:15:00,1360.17505,3780.8501,722.9
2024-01-30 09:15:00,1404.42505,3787.0,720.45
2024-01-31 09:15:00,1402.5,3796.45,718.4
2024-02-01 09:15:00,1418.05005,3805.05,728.025
2024-02-02 09:15:00,1433.17505,3872.0,721.025
2024-02-05 09:15:00,1431.525,3962.1001,717.025
2024-02-06 09:15:00,1419.82495,3990.0,716.3
2024-02-07 09:15:00,1429.25,4073.95,713.325
2024-02-08 09:15:00,1427.525,4086.05,700.25
2024-02-09 09:15:00,1450.94995,4100.0,693.5
2024-02-12 09:15:00,1442.35,4105.5498,691.675
2024-02-13 09:15:00,1454.0,4081.5,692.175
2024-02-14 09:15:00,1457.5,4049.5,681.775
2024-02-15 09:15:00,1466.525,4083.0,692.175
2024-02-16 09:15:00,1458.55005,4100.1001,704.225
2024-02-19 09:15:00,1453.525,4055.0,707.6
2024-02-20 09:15:00,1461.80005,4010.0,705.9
2024-02-21 09:15:00,1457.55005,3980.6001,717.5
2024-02-22 09:15:00,1458.0,3971.0,706.1
2024-02-23 09:15:00,1483.35,4046.3999,709.0
2024-02-26 09:15:00,1482.5,3982.75,706.775
2024-02-27 09:15:00,1478.05005,3999.0,706.525
2024-02-28 09:15:00,1450.17505,4089.0,702.0
2024-02-29 09:15:00,1454.525,4064.55,698.65
2024-03-01 09:15:00,1462.5,4086.8,700.0
2024-03-02 09:15:00,1488.0,4090.1499,714.05
2024-03-04 09:15:00,1487.225,4075.8999,712.15
2024-03-05 09:15:00,1486.05005,3980.0,710.825
2024-03-06 09:15:00,1478.5,3958.45,716.775
2024-03-07 09:15:00,1475.55005,4037.7,720.7
2024-03-11 09:15:00,1463.5,4089.0,711.5
2024-03-12 09:15:00,1465.025,4121.0498,714.625
2024-03-13 09:15:00,1427.775,4131.8999,725.05
2024-03-14 09:15:00,1425.5,4086.0,722.15
2024-03-15 09:15:00,1412.9,4177.0,721.125
2024-03-18 09:15:00,1416.525,4117.8501,717.9
2024-03-19 09:15:00,1417.25,3966.6001,717.75
2024-03-20 09:15:00,1424.025,3960.2,712.325
2024-03-21 09:15:00,1444.67505,3948.0,719.15
2024-03-22 09:15:00,1447.35,3855.0,718.875
2024-03-26 09:15:00,1439.0,3871.45,711.075
2024-03-27 09:15:00,1447.0,3829.3999,710.625
2024-03-28 09:15:00,1478.65,3840.5,720.35
2024-04-01 09:15:00,1482.5,3888.05,727.8
2024-04-02 09:15:00,1475.0,3873.0,731.625
2024-04-03 09:15:00,1468.9,3851.0,735.7
2024-04-04 09:15:00,1450.0,3935.25,752.0
2024-04-05 09:15:00,1456.0,3960.5,765.075
2024-04-08 09:15:00,1461.0,3960.0,770.775
2024-04-09 09:15:00,1462.5,3925.05,770.15
2024-04-10 09:15:00,1466.35,3918.0,766.475
2024-04-12 09:15:00,1463.07495,3945.5,756.725
2024-04-15 09:15:00,1446.32495,3919.05,746.025
2024-04-16 09:15:00,1450.92505,3862.8501,741.125
2024-04-18 09:15:00,1459.35,3850.0,745.525
2024-04-19 09:15:00,1443.025,3800.8999,740.125
2024-04-22 09:15:00,1467.80005,3812.0,754.15
2024-04-23 09:15:00,1455.55005,3860.6001,751.625
2024-04-24 09:15:00,1449.5,3824.45,754.525
2024-04-25 09:15:00,1441.5,3811.0,753.125
2024-04-26 09:15:00,1450.0,3802.55,752.775
2024-04-29 09:15:00,1450.0,3819.2,753.275
2024-04-30 09:15:00,1462.875,3810.0,757.45
2024-05-02 09:15:00,1464.125,3778.05,760.175
2024-05-03 09:15:00,1416.15,3797.6001,753.6
2024-05-06 09:15:00,1418.0,3853.0,758.575
2024-05-07 09:15:00,1392.0,3913.5,752.075
2024-05-08 09:15:00,1397.5,3938.6001,740.175
2024-05-09 09:15:00,1390.0,3910.05,722.65
2024-05-10 09:15:00,1388.07495,3885.05,713.4
2024-05-13 09:15:00,1384.0,3870.0,715.15
2024-05-14 09:15:00,1400.025,3892.8999,725.15
2024-05-15 09:15:00,1413.025,3875.5,717.9
2024-05-16 09:15:00,1398.025,3843.5,717.75
2024-05-17 09:15:00,1413.25,3830.0,723.1
2024-05-18 09:15:00,1432.69995,3840.0,731.525
2024-05-21 09:15:00,1425.6,3810.05,725.05
2024-05-22 09:15:00,1436.275,3817.55,724.075
2024-05-23 09:15:00,1455.0,3825.5,728.525
2024-05-24 09:15:00,1476.1,3844.3,743.0
2024-05-27 09:15:00,1461.55005,3841.3501,759.525
2024-05-28 09:15:00,1452.75,3830.0,762.4
2024-05-29 09:15:00,1438.44995,3800.0,750.625
2024-05-30 09:15:00,1420.1,3715.45,748.825
2024-05-31 09:15:00,1422.25,3653.75,757.0
2024-06-03 09:15:00,1459.0,3696.0,775.0
2024-06-04 09:15:00,1359.30005,3591.5,727.0
2024-06-05 09:15:00,1384.1,3700.0,741.175
2024-06-06 09:15:00,1421.35,3741.5,773.3
2024-06-07 09:15:00,1426.5,3837.3,776.025
2024-06-10 09:15:00,1468.07495,3841.8999,778.8
2024-06-11 09:15:00,1454.67505,3841.0,776.1
2024-06-12 09:15:00,1455.17505,3827.45,783.2
2024-06-13 09:15:00,1460.1,3852.0,787.0
2024-06-14 09:15:00,1457.225,3828.0,788.85
2024-06-18 09:15:00,1471.35,3795.05,794.725
2024-06-19 09:15:00,1456.0,3792.95,802.0
2024-06-20 09:15:00,1450.1,3780.05,826.0
2024-06-21 09:15:00,1440.57495,3798.05,821.575
2024-06-24 09:15:00,1437.5,3791.3,822.875
2024-06-25 09:15:00,1441.0,3792.8999,835.55
2024-06-26 09:15:00,1445.125,3841.0,845.55
2024-06-27 09:15:00,1506.0,3818.1001,843.3
2024-06-28 09:15:00,1531.025,3897.8501,839.5
2024-07-01 09:15:00,1555.67505,3884.0,840.0
2024-07-02 09:15:00,1557.0,3982.55,851.375
2024-07-03 09:15:00,1542.775,3955.0,882.325
2024-07-04 09:15:00,1550.80005,3982.1001,862.425
2024-07-05 09:15:00,1548.0,3988.0,821.1
2024-07-08 09:15:00,1582.525,3978.05,813.575
2024-07-09 09:15:00,1580.5,3975.1001,810.175
2024-07-10 09:15:00,1563.15,3902.0,810.375
2024-07-11 09:15:00,1570.5,3895.6001,800.5
2024-07-12 09:15:00,1574.5,3971.3,805.575
2024-07-15 09:15:00,1585.5,4157.0498,807.6
2024-07-16 09:15:00,1569.125,4144.8999,808.4
2024-07-18 09:15:00,1557.82495,4160.0,799.575
2024-07-19 09:15:00,1552.80005,4285.25,801.75
2024-07-22 09:15:00,1499.275,4265.0,806.325
2024-07-23 09:15:00,1463.0,4266.2998,802.5
2024-07-24 09:15:00,1476.4,4268.1001,794.025
2024-07-25 09:15:00,1477.07495,4274.2002,796.5
2024-07-26 09:15:00,1490.35,4337.0498,798.225
2024-07-29 09:15:00,1511.775,4371.0,799.15
2024-07-30 09:15:00,1510.0,4327.2998,799.5
2024-07-31 09:15:00,1501.15,4345.0,804.6
2024-08-01 09:15:00,1504.30005,4365.0498,808.975
2024-08-02 09:15:00,1493.275,4270.0,815.5
2024-08-05 09:15:00,1433.25,4110.5,800.5
2024-08-06 09:15:00,1451.32495,4160.7998,796.65
2024-08-07 09:15:00,1461.5,4180.2998,801.1
2024-08-08 09:15:00,1445.92505,4160.0,809.625
2024-08-09 09:15:00,1456.0,4205.5498,822.9
2024-08-12 09:15:00,1457.75,4186.3501,823.675
2024-08-13 09:15:00,1458.0,4183.0,800.575
2024-08-14 09:15:00,1453.69995,4188.1499,801.6
2024-08-16 09:15:00,1458.05005,4325.1001,805.5
2024-08-19 09:15:00,1480.5,4390.3501,811.85
2024-08-20 09:15:00,1490.025,4500.0,813.725
2024-08-21 09:15:00,1490.0,4492.5498,808.9
2024-08-22 09:15:00,1490.65,4497.2002,814.0
2024-08-23 09:15:00,1498.42505,4455.0,811.5
2024-08-26 09:15:00,1503.0,4485.0,816.1
2024-08-27 09:15:00,1499.44995,4486.7998,816.1
2024-08-28 09:15:00,1493.0,4457.2998,815.1
2024-08-29 09:15:00,1494.0,4460.0,815.575
2024-08-30 09:15:00,1503.32495,4487.7998,810.575
2024-09-02 09:15:00,1506.625,4512.0,811.6
2024-09-03 09:15:00,1507.5,4495.8999,812.3
2024-09-04 09:15:00,1499.5,4436.7002,816.0
2024-09-05 09:15:00,1487.05005,4454.1499,821.0
2024-09-06 09:15:00,1461.625,4440.0,817.05
2024-09-09 09:15:00,1455.6,4430.5,815.05
2024-09-10 09:15:00,1457.575,4440.45,819.0
2024-09-11 09:15:00,1447.55,4471.25,819.6
2024-09-12 09:15:00,1445.875,4431.3,823.525
2024-09-13 09:15:00,1469.5,4505.0,828.525
2024-09-16 09:15:00,1464.75,4494.45,832.025
2024-09-17 09:15:00,1466.625,4466.0,832.075
2024-09-18 09:15:00,1460.55,4321.0,835.55
2024-09-19 09:15:00,1455.55,4281.8,849.575
2024-09-20 09:15:00,1471.375,4227.5,853.775
2024-09-23 09:15:00,1488.95,4253.0,870.125
2024-09-24 09:15:00,1487.875,4240.0,877.125
2024-09-25 09:15:00,1480.2,4240.0,880.075
2024-09-26 09:15:00,1488.05,4260.0,884.025
2024-09-27 09:15:00,1492.0,4300.05,875.0
2024-09-30 09:15:00,1474.4,4260.05,862.2
2024-10-01 09:15:00,1462.825,4242.95,860.05
2024-10-03 09:15:00,1402.075,4210.0,836.675
2024-10-04 09:15:00,1381.775,4224.05,826.5
2024-10-07 09:15:00,1361.375,4229.4,806.5
2024-10-08 09:15:00,1365.1,4203.95,811.0
2024-10-09 09:15:00,1372.5,4246.7,814.35
2024-10-10 09:15:00,1369.425,4198.6,816.25
2024-10-11 09:15:00,1368.825,4112.45,821.625
2024-10-14 09:15:00,1368.25,4122.2,827.0
2024-10-15 09:15:00,1340.7,4095.0,837.75
2024-10-16 09:15:00,1337.625,4067.2,840.05
2024-10-17 09:15:00,1352.05,4092.95,832.6
2024-10-18 09:15:00,1341.325,4080.0,827.05
2024-10-21 09:15:00,1357.725,4070.0,855.525
2024-10-22 09:15:00,1340.225,4006.35,855.35
2024-10-23 09:15:00,1335.0,3995.15,852.525
2024-10-24 09:15:00,1323.125,4004.0,869.05
2024-10-25 09:15:00,1322.0,4032.7,864.35
2024-10-28 09:15:00,1322.1,4051.0,864.45
2024-10-29 09:15:00,1320.3,4060.1,862.55
2024-10-30 09:15:00,1325.35,4060.05,862.1
2024-10-31 09:15:00,1326.15,3960.0,859.7
2024-11-01 18:00:00,1333.0,3976.05,863.05
2024-11-04 09:15:00,1285.1,3913.25,855.45
2024-11-05 09:15:00,1286.15,3941.1,848.95
2024-11-06 09:15:00,1300.2,3975.25,872.675
2024-11-07 09:15:00,1302.6,4085.05,869.0
2024-11-08 09:15:00,1275.0,4117.65,872.925
2024-11-11 09:15:00,1267.0,4117.65,875.6
2024-11-12 09:15:00,1267.5,4164.35,854.325
2024-11-13 09:15:00,1249.5,4131.05,836.5
2024-11-14 09:15:00,1251.1,4116.45,836.05
2024-11-18 09:15:00,1243.9,3990.2,847.5
2024-11-19 09:15:00,1235.15,4014.1,851.35
2024-11-21 09:15:00,1217.25,4024.0,867.1
2024-11-22 09:15:00,1222.45,4054.0,864.775
2024-11-25 09:15:00,1282.45,4252.2,882.45
2024-11-26 09:15:00,1284.2,4310.0,884.9
2024-11-27 09:15:00,1286.0,4324.05,892.575
2024-11-28 09:15:00,1269.05,4233.0,894.0
2024-11-29 09:15:00,1275.25,4195.65,891.45
2024-12-02 09:15:00,1277.05,4230.05,887.5
2024-12-03 09:15:00,1307.0,4265.45,908.05
2024-12-04 09:15:00,1304.05,4289.05,915.575
2024-12-05 09:15:00,1306.15,4360.0,917.6
2024-12-06 09:15:00,1310.0,4412.75,922.0
2024-12-09 09:15:00,1293.1,4415.55,924.5
2024-12-10 09:15:00,1280.2,4412.1,929.275
2024-12-11 09:15:00,1276.05,4407.0,928.375
2024-12-12 09:15:00,1260.6,4426.0,924.35
2024-12-13 09:15:00,1239.6,4394.4,914.625
2024-12-16 09:15:00,1266.55,4397.0,927.625
2024-12-17 09:15:00,1242.8,4318.0,913.25
2024-12-18 09:15:00,1240.65,4289.6,903.575
2024-12-19 09:15:00,1229.0,4262.0,889.5
2024-12-20 09:15:00,1201.5,4152.5,883.525
2024-12-23 09:15:00,1213.2,4114.9,890.65
2024-12-24 09:15:00,1221.0,4158.3,894.775
2024-12-26 09:15:00,1214.25,4143.15,890.375
2024-12-27 09:15:00,1217.0,4147.25,894.55
2024-12-30 09:15:00,1208.1,4112.0,885.5
2024-12-31 09:15:00,1206.15,4032.05,882.8
2025-01-01 09:15:00,1211.6,4085.45,880.55
2025-01-02 09:15:00,1220.0,4096.95,886.5
2025-01-03 09:15:00,1235.5,4092.3,873.15
2025-01-06 09:15:00,1215.0,4066.4,852.9
2025-01-07 09:15:00,1221.25,4011.55,850.0
2025-01-08 09:15:00,1245.35,4017.75,841.675
2025-01-09 09:15:00,1248.05,4025.3,829.05
2025-01-10 09:15:00,1236.0,4170.0,827.0
2025-01-13 09:15:00,1226.4,4227.4,812.15
2025-01-14 09:15:00,1227.25,4219.05,818.5
2025-01-15 09:15:00,1241.85,4207.45,818.15
2025-01-16 09:15:00,1251.3,4191.85,821.425
2025-01-17 09:15:00,1285.0,4100.05,814.25
2025-01-20 09:15:00,1300.25,4068.1,813.0
2025-01-21 09:15:00,1270.2,4030.0,816.525
2025-01-22 09:15:00,1268.7,4044.2,812.725
2025-01-23 09:15:00,1261.6,4140.05,825.625
2025-01-24 09:15:00,1243.5,4104.0,822.25
2025-01-27 09:15:00,1220.0,4041.05,813.0
2025-01-28 09:15:00,1218.5,4028.3,823.5
2025-01-29 09:15:00,1228.05,4054.0,834.425
2025-01-30 09:15:00,1232.4,4058.5,836.275
2025-01-31 09:15:00,1249.0,4085.25,841.975
2025-02-01 09:15:00,1241.0,4056.0,838.025
2025-02-03 09:15:00,1237.55,3998.7,831.725
2025-02-04 09:15:00,1246.6,4066.05,840.025
2025-02-05 09:15:00,1276.7,4076.0,859.45
2025-02-06 09:15:00,1270.35,4051.55,862.0
2025-02-07 09:15:00,1262.0,4008.0,862.5
2025-02-10 09:15:00,1245.55,4014.35,854.25
2025-02-11 09:15:00,1230.1,3955.0,844.35
2025-02-12 09:15:00,1193.35,3940.15,840.6
2025-02-13 09:15:00,1212.0,3902.25,846.775
2025-02-14 09:15:00,1205.45,3900.0,840.0
2025-02-17 09:15:00,1204.5,3856.2,840.625
2025-02-18 09:15:00,1216.1,3864.5,853.075
2025-02-19 09:15:00,1217.55,3768.15,856.225
2025-02-20 09:15:00,1222.0,3751.3,842.65
2025-02-21 09:15:00,1222.15,3775.0,838.625
2025-02-24 09:15:00,1210.5,3670.0,830.55
2025-02-25 09:15:00,1201.5,3621.25,835.55
2025-02-27 09:15:00,1200.65,3600.7,841.275
2025-02-28 09:15:00,1193.3,3457.0,842.5
2025-03-03 09:15:00,1156.0,3476.15,847.05
2025-03-04 09:15:00,1159.55,3464.3,846.625
2025-03-05 09:15:00,1157.0,3520.85,844.125
2025-03-06 09:15:00,1185.15,3536.1,836.125
2025-03-07 09:15:00,1212.0,3574.4,838.8
2025-03-10 09:15:00,1235.4,3582.6,841.525
2025-03-11 09:15:00,1229.75,3537.65,835.025
2025-03-12 09:15:00,1244.0,3486.85,845.775
2025-03-13 09:15:00,1243.85,3484.1,850.025
2025-03-17 09:15:00,1233.1,3477.35,852.5
2025-03-18 09:15:00,1235.0,3478.45,857.525
2025-03-19 09:15:00,1238.8,3462.75,866.1
2025-03-20 09:15:00,1250.05,3512.0,874.65
2025-03-21 09:15:00,1270.1,3465.0,877.775
2025-03-24 09:15:00,1284.25,3566.6,886.825
2025-03-25 09:15:00,1282.6,3638.0,900.75
2025-03-26 09:15:00,1268.75,3625.85,901.0
2025-03-27 09:15:00,1271.3,3610.5,899.05
2025-03-28 09:15:00,1269.0,3591.9,902.925
2025-04-01 09:15:00,1249.3,3525.0,882.675
2025-04-02 09:15:00,1243.9,3530.05,885.35
2025-04-03 09:15:00,1233.05,3396.15,888.5
2025-04-04 09:15:00,1193.15,3295.5,905.55
2025-04-07 09:15:00,1114.85,3056.05,869.1
2025-04-08 09:15:00,1163.3,3255.3,875.15
2025-04-09 09:15:00,1168.0,3212.05,876.75
2025-04-11 09:15:00,1195.15,3206.0,887.375
2025-04-15 09:15:00,1237.1,3238.6,927.5
2025-04-16 09:15:00,1229.0,3229.0,930.25
2025-04-17 09:15:00,1227.6,3218.0,938.35
2025-04-21 09:15:00,1267.0,3284.1,955.0
2025-04-22 09:15:00,1286.3,3295.0,967.5
2025-04-23 09:15:00,1285.4,3337.3,960.25
2025-04-24 09:15:00,1290.3,3387.7,952.55
2025-04-25 09:15:00,1288.1,3405.0,945.9
2025-04-28 09:15:00,1320.2,3405.0,954.2
2025-04-29 09:15:00,1370.0,3430.4,950.1
2025-04-30 09:15:00,1369.0,3366.0,955.15
2025-05-02 09:15:00,1409.1,3420.0,960.0
2025-05-05 09:15:00,1426.9,3446.4,966.15
2025-05-06 09:15:00,1410.6,3437.0,962.15
2025-05-07 09:15:00,1402.7,3420.6,961.2
2025-05-08 09:15:00,1398.0,3428.7,959.55
2025-05-09 09:15:00,1374.5,3398.1,943.4
2025-05-12 09:15:00,1400.0,3502.2,956.15
2025-05-13 09:15:00,1412.4,3510.5,960.0
2025-05-14 09:15:00,1415.5,3508.6,951.5
2025-05-15 09:15:00,1412.7,3514.1,948.5
2025-05-16 09:15:00,1447.3,3546.1,964.2
2025-05-19 09:15:00,1438.2,3503.7,965.5
2025-05-20 09:15:00,1421.8,3494.0,956.5
2025-05-21 09:15:00,1418.1,3498.3,960.55
2025-05-22 09:15:00,1396.9,3451.3,952.6
2025-05-23 09:15:00,1406.6,3465.6,957.25
2025-05-26 09:15:00,1425.1,3510.1,963.45
2025-05-27 09:15:00,1413.9,3483.1,958.15
2025-05-28 09:15:00,1410.7,3493.0,958.85
2025-05-29 09:15:00,1408.6,3486.5,953.65
2025-05-30 09:15:00,1409.7,3453.1,962.7
2025-06-02 09:15:00,1395.6,3418.6,954.0
2025-06-03 09:15:00,1403.4,3400.5,960.0
2025-06-04 09:15:00,1406.1,3370.0,960.45
2025-06-05 09:15:00,1423.6,3363.7,970.1
2025-06-06 09:15:00,1437.0,3358.7,971.35
2025-06-09 09:15:00,1445.3,3390.9,987.95
2025-06-10 09:15:00,1436.0,3423.2,980.55
2025-06-11 09:15:00,1443.1,3449.1,973.5
2025-06-12 09:15:00,1434.4,3423.2,967.65
2025-06-13 09:15:00,1414.3,3393.2,956.5
2025-06-16 09:15:00,1424.4,3426.2,960.05
2025-06-17 09:15:00,1425.8,3488.1,959.55
2025-06-18 09:15:00,1425.7,3443.1,958.5
2025-06-19 09:15:00,1425.7,3413.0,962.8
2025-06-20 09:15:00,1428.1,3410.9,965.8
2025-06-23 09:15:00,1442.0,3370.0,970.9
2025-06-24 09:15:00,1443.1,3382.0,977.8
2025-06-25 09:15:00,1460.5,3400.0,981.95
2025-06-26 09:15:00,1465.1,3415.3,990.0
2025-06-27 09:15:00,1496.9,3431.0,996.7
2025-06-30 09:15:00,1496.0,3430.0,997.75
2025-07-01 09:15:00,1500.1,3413.5,1002.0
2025-07-02 09:15:00,1508.7,3420.0,988.95
2025-07-03 09:15:00,1513.0,3397.6,992.15
2025-07-04 09:15:00,1517.2,3390.1,990.0
2025-07-07 09:15:00,1525.0,3408.4,991.9
2025-07-08 09:15:00,1530.2,3393.4,988.5
2025-07-09 09:15:00,1510.1,3367.0,999.05
2025-07-10 09:15:00,1507.5,3356.0,1000.0
2025-07-11 09:15:00,1490.3,3261.1,990.45
2025-07-14 09:15:00,1479.1,3200.0,985.3
2025-07-15 09:15:00,1482.4,3206.0,986.5
2025-07-16 09:15:00,1471.5,3220.6,996.3
2025-07-17 09:15:00,1473.9,3204.1,991.35
2025-07-18 09:15:00,1469.1,3187.0,976.5
2025-07-21 09:15:00,1423.1,3152.0,988.25
2025-07-22 09:15:00,1410.7,3154.6,1001.5
2025-07-23 09:15:00,1414.4,3157.6,1001.5
2025-07-24 09:15:00,1396.0,3140.0,1004.2
2025-07-25 09:15:00,1384.1,3125.6,999.5
2025-07-28 09:15:00,1385.0,3069.9,1000.25
2025-07-29 09:15:00,1383.0,3041.2,998.15
2025-07-30 09:15:00,1401.3,3047.2,1008.5
2025-07-31 09:15:00,1382.2,3015.0,1004.0
2025-08-01 09:15:00,1384.3,3000.0,1004.65
2025-08-04 09:15:00,1391.7,2991.6,994.05
2025-08-05 09:15:00,1388.1,3042.0,982.75
2025-08-06 09:15:00,1383.3,3026.0,985.0
2025-08-07 09:15:00,1366.0,3010.9,988.4
2025-08-08 09:15:00,1365.0,3025.0,985.0
2025-08-11 09:15:00,1361.2,3021.3,986.55
2025-08-12 09:15:00,1375.2,3026.9,983.75
2025-08-13 09:15:00,1377.5,3028.6,984.55
2025-08-14 09:15:00,1370.1,3019.1,985.6
2025-08-18 09:15:00,1377.0,3003.4,997.8
2025-08-19 09:15:00,1389.1,3011.1,993.35
2025-08-20 09:15:00,1410.0,3010.9,989.5
2025-08-21 09:15:00,1420.3,3083.1,991.6
2025-08-22 09:15:00,1407.9,3050.0,978.55
2025-08-25 09:15:00,1405.7,3077.1,978.5
2025-08-26 09:15:00,1381.6,3120.0,968.0
2025-08-28 09:15:00,1366.5,3086.5,955.0
2025-08-29 09:15:00,1350.0,3077.2,950.1
2025-09-01 09:15:00,1340.6,3090.0,946.35
2025-09-02 09:15:00,1354.5,3103.1,944.0
2025-09-03 09:15:00,1360.5,3088.0,940.0
2025-09-04 09:15:00,1357.1,3090.8,956.25
2025-09-05 09:15:00,1359.3,3028.6,954.05
2025-09-08 09:15:00,1372.4,3016.0,960.45
2025-09-09 09:15:00,1368.7,3030.8,962.7
2025-09-10 09:15:00,1374.1,3053.4,961.7
2025-09-11 09:15:00,1375.0,3110.1,959.9
2025-09-12 09:15:00,1380.5,3121.0,962.25
2025-09-15 09:15:00,1388.6,3096.0,965.0
2025-09-16 09:15:00,1398.2,3109.1,961.2
2025-09-17 09:15:00,1406.9,3142.4,964.35
2025-09-18 09:15:00,1410.7,3161.4,969.25
2025-09-19 09:15:00,1403.6,3144.0,962.1
2025-09-22 09:15:00,1388.0,3065.0,961.95
2025-09-23 09:15:00,1376.8,3052.0,955.5
2025-09-24 09:15:00,1380.4,3033.0,943.0
2025-09-25 09:15:00,1369.0,2951.0,947.4
2025-09-26 09:15:00,1366.0,2891.3,941.3
2025-09-29 09:15:00,1368.0,2894.0,939.1
2025-09-30 09:15:00,1362.8,2885.1,946.3
2025-10-01 09:15:00,1362.7,2866.6,946.0
2025-10-03 09:15:00,1356.9,2891.1,952.0
2025-10-06 09:15:00,1359.0,2895.6,962.0
2025-10-07 09:15:00,1375.9,2955.5,971.0
2025-10-08 09:15:00,1364.5,2968.0,974.55
2025-10-09 09:15:00,1369.1,3020.0,970.15
2025-10-10 09:15:00,1375.1,3006.9,978.1
2025-10-13 09:15:00,1367.8,2998.2,972.0
2025-10-14 09:15:00,1370.1,2955.5,967.0
2025-10-15 09:15:00,1372.7,2951.0,973.35
2025-10-16 09:15:00,1375.0,2943.1,981.5
2025-10-17 09:15:00,1399.1,2955.4,986.0
2025-10-20 09:15:00,1433.3,2978.5,997.0
2025-10-21 13:45:00,1460.0,2996.0,1004.0
2025-10-23 09:15:00,1444.6,3036.1,1006.0
2025-10-24 09:15:00,1441.0,3058.3,991.3
2025-10-27 09:15:00,1458.0,3060.2,996.2
2025-10-28 09:15:00,1477.6,3040.2,995.0
2025-10-29 09:15:00,1488.1,3046.1,1000.0
2025-10-30 09:15:00,1484.0,3032.8,997.1
2025-10-31 09:15:00,1482.3,3025.1,981.15
2025-11-03 09:15:00,1479.3,3010.0,983.3
2025-11-04 09:15:00,1470.1,2976.0,983.7
2025-11-06 09:15:00,1476.2,2990.0,974.0
2025-11-07 09:15:00,1475.9,2960.5,974.75
2025-11-10 09:15:00,1475.5,2992.0,980.2
2025-11-11 09:15:00,1480.2,3018.0,978.0
2025-11-12 09:15:00,1500.0,3057.1,987.7
2025-11-13 09:15:00,1506.8,3102.0,982.6
2025-11-14 09:15:00,1505.5,3077.3,976.05
2025-11-17 09:15:00,1511.5,3086.6,985.6
2025-11-18 09:15:00,1510.5,3078.0,990.0
2025-11-19 09:15:00,1512.0,3083.5,984.0
2025-11-20 09:15:00,1526.7,3138.1,992.45
2025-11-21 09:15:00,1540.1,3135.2,996.55
2025-11-24 09:15:00,1531.8,3131.0,993.6
2025-11-25 09:15:00,1525.1,3115.0,988.4
2025-11-26 09:15:00,1540.5,3117.0,981.3
2025-11-27 09:15:00,1556.0,3125.0,1001.0
2025-11-28 09:15:00,1563.0,3125.0,1004.2
2025-12-01 09:15:00,1563.6,3122.2,999.3
2025-12-02 09:15:00,1542.0,3120.4,985.0
2025-12-03 09:15:00,1533.0,3139.0,986.0
2025-12-04 09:15:00,1517.6,3187.4,993.0
2025-12-05 09:15:00,1520.6,3222.4,990.2
2025-12-08 09:15:00,1535.0,3208.6,997.5
2025-12-09 09:15:00,1520.1,3181.2,994.0
2025-12-10 09:15:00,1531.4,3178.1,985.3
2025-12-11 09:15:00,1524.0,3153.1,988.5
2025-12-12 09:15:00,1546.1,3185.7,998.2
2025-12-15 09:15:00,1546.5,3197.3,992.0
2025-12-16 09:15:00,1538.8,3191.1,990.1
2025-12-17 09:15:00,1539.3,3200.5,980.8
2025-12-18 09:15:00,1535.2,3221.0,973.3
2025-12-19 09:15:00,1551.0,3278.8,978.7
2025-12-22 09:15:00,1565.3,3291.0,983.9
2025-12-23 09:15:00,1568.1,3293.5,987.7
2025-12-24 09:15:00,1553.6,3296.1,993.0
2025-12-26 09:15:00,1554.3,3271.8,987.7
2025-12-29 09:15:00,1543.6,3242.9,987.2
2025-12-30 09:15:00,1537.8,3239.5,982.2
2025-12-31 09:15:00,1541.0,3198.5,987.6
2026-01-01 09:15:00,1571.1,3198.2,989.5
2026-01-02 09:15:00,1578.2,3219.5,988.8
2026-01-05 09:15:00,1575.3,3191.0,976.3
2026-01-06 09:15:00,1496.3,3205.0,956.0
2026-01-07 09:15:00,1498.0,3223.2,946.0
2026-01-08 09:15:00,1468.8,3182.0,941.4
2026-01-09 09:15:00,1465.0,3191.0,933.3
2026-01-12 09:15:00,1451.0,3174.3,929.6
2026-01-13 09:15:00,1444.7,3210.5,932.6
2026-01-14 09:15:00,1440.2,3183.0,920.2
2026-01-16 09:15:00,1455.1,3171.0,919.2
